{
  "elements": [
    {
      "uid": "trx Lannion_CAS",
      "metadata": {
        "location": {
          "city": "Lannion_CAS",
          "region": "RLD",
          "latitude": 2.0,
          "longitude": 0.0
        }
      },
      "type": "Transceiver"
    },
    {
      "uid": "trx Lorient_KMA",
      "metadata": {
        "location": {
          "city": "Lorient_KMA",
          "region": "RLD",
          "latitude": 2.0,
          "longitude": 3.0
        }
      },
      "type": "Transceiver"
    },
    {
      "uid": "trx Vannes_KBE",
      "metadata": {
        "location": {
          "city": "Vannes_KBE",
          "region": "RLD",
          "latitude": 2.0,
          "longitude": 4.0
        }
      },
      "type": "Transceiver"
    },
    {
      "uid": "trx Rennes_STA",
      "metadata": {
        "location": {
          "city": "Rennes_STA",
          "region": "RLD",
          "latitude": 0.0,
          "longitude": 0.0
        }
      },
      "type": "Transceiver"
    },
    {
      "uid": "trx Brest_KLA",
      "metadata": {
        "location": {
          "city": "Brest_KLA",
          "region": "RLD",
          "latitude": 4.0,
          "longitude": 0.0
        }
      },
      "type": "Transceiver"
    },
    {
      "uid": "roadm Lannion_CAS",
      "metadata": {
        "location": {
          "city": "Lannion_CAS",
          "region": "RLD",
          "latitude": 2.0,
          "longitude": 0.0
        }
      },
      "type": "Roadm"
    },
    {
      "uid": "roadm Lorient_KMA",
      "metadata": {
        "location": {
          "city": "Lorient_KMA",
          "region": "RLD",
          "latitude": 2.0,
          "longitude": 3.0
        }
      },
      "type": "Roadm"
    },
    {
      "uid": "roadm Vannes_KBE",
      "metadata": {
        "location": {
          "city": "Vannes_KBE",
          "region": "RLD",
          "latitude": 2.0,
          "longitude": 4.0
        }
      },
      "type": "Roadm"
    },
    {
      "uid": "roadm Rennes_STA",
      "metadata": {
        "location": {
          "city": "Rennes_STA",
          "region": "RLD",
          "latitude": 0.0,
          "longitude": 0.0
        }
      },
      "type": "Roadm"
    },
    {
      "uid": "roadm Brest_KLA",
      "metadata": {
        "location": {
          "city": "Brest_KLA",
          "region": "RLD",
          "latitude": 4.0,
          "longitude": 0.0
        }
      },
      "type": "Roadm"
    },
    {
      "uid": "ingress fused spans in Corlay",
      "metadata": {
        "location": {
          "city": "Corlay",
          "region": "RLD",
          "latitude": 2.0,
          "longitude": 1.0
        }
      },
      "type": "Fused"
    },
    {
      "uid": "ingress fused spans in Loudeac",
      "metadata": {
        "location": {
          "city": "Loudeac",
          "region": "RLD",
          "latitude": 2.0,
          "longitude": 2.0
        }
      },
      "type": "Fused"
    },
    {
      "uid": "ingress fused spans in Morlaix",
      "metadata": {
        "location": {
          "city": "Morlaix",
          "region": "RLD",
          "latitude": 3.0,
          "longitude": 0.0
        }
      },
      "type": "Fused"
    },
    {
      "uid": "egress fused spans in Corlay",
      "metadata": {
        "location": {
          "city": "Corlay",
          "region": "RLD",
          "latitude": 2.0,
          "longitude": 1.0
        }
      },
      "type": "Fused"
    },
    {
      "uid": "egress fused spans in Loudeac",
      "metadata": {
        "location": {
          "city": "Loudeac",
          "region": "RLD",
          "latitude": 2.0,
          "longitude": 2.0
        }
      },
      "type": "Fused"
    },
    {
      "uid": "egress fused spans in Morlaix",
      "metadata": {
        "location": {
          "city": "Morlaix",
          "region": "RLD",
          "latitude": 3.0,
          "longitude": 0.0
        }
      },
      "type": "Fused"
    },
    {
      "uid": "fiber (Lannion_CAS \u2192 Corlay)-F061",
      "metadata": {
        "location": {
          "latitude": 2.0,
          "longitude": 0.5
        }
      },
      "type": "Fiber",
      "type_variety": "SSMF",
      "params": {
        "length": 20.0,
        "length_units": "km",
        "loss_coef": 0.2
      }
    },
    {
      "uid": "fiber (Corlay \u2192 Loudeac)-F010",
      "metadata": {
        "location": {
          "latitude": 2.0,
          "longitude": 1.5
        }
      },
      "type": "Fiber",
      "type_variety": "SSMF",
      "params": {
        "length": 50.0,
        "length_units": "km",
        "loss_coef": 0.2
      }
    },
    {
      "uid": "fiber (Loudeac \u2192 Lorient_KMA)-F054",
      "metadata": {
        "location": {
          "latitude": 2.0,
          "longitude": 2.5
        }
      },
      "type": "Fiber",
      "type_variety": "SSMF",
      "params": {
        "length": 60.0,
        "length_units": "km",
        "loss_coef": 0.2
      }
    },
    {
      "uid": "fiber (Lorient_KMA \u2192 Vannes_KBE)-F055",
      "metadata": {
        "location": {
          "latitude": 2.0,
          "longitude": 3.5
        }
      },
      "type": "Fiber",
      "type_variety": "SSMF",
      "params": {
        "length": 10.0,
        "length_units": "km",
        "loss_coef": 0.2
      }
    },
    {
      "uid": "fiber (Lannion_CAS \u2192 Stbrieuc)-F056",
      "metadata": {
        "location": {
          "latitude": 1.5,
          "longitude": 0.0
        }
      },
      "type": "Fiber",
      "type_variety": "SSMF",
      "params": {
        "length": 60.0,
        "length_units": "km",
        "loss_coef": 0.2
      }
    },
    {
      "uid": "fiber (Stbrieuc \u2192 Rennes_STA)-F057",
      "metadata": {
        "location": {
          "latitude": 0.5,
          "longitude": 0.0
        }
      },
      "type": "Fiber",
      "type_variety": "SSMF",
      "params": {
        "length": 65.0,
        "length_units": "km",
        "loss_coef": 0.2
      }
    },
    {
      "uid": "fiber (Lannion_CAS \u2192 Morlaix)-F059",
      "metadata": {
        "location": {
          "latitude": 2.5,
          "longitude": 0.0
        }
      },
      "type": "Fiber",
      "type_variety": "SSMF",
      "params": {
        "length": 40.0,
        "length_units": "km",
        "loss_coef": 0.2
      }
    },
    {
      "uid": "fiber (Morlaix \u2192 Brest_KLA)-F060",
      "metadata": {
        "location": {
          "latitude": 3.5,
          "longitude": 0.0
        }
      },
      "type": "Fiber",
      "type_variety": "SSMF",
      "params": {
        "length": 35.0,
        "length_units": "km",
        "loss_coef": 0.2
      }
    },
    {
      "uid": "fiber (Corlay \u2192 Lannion_CAS)-F061",
      "metadata": {
        "location": {
          "latitude": 2.0,
          "longitude": 0.5
        }
      },
      "type": "Fiber",
      "type_variety": "SSMF",
      "params": {
        "length": 20.0,
        "length_units": "km",
        "loss_coef": 0.2
      }
    },
    {
      "uid": "fiber (Loudeac \u2192 Corlay)-F010",
      "metadata": {
        "location": {
          "latitude": 2.0,
          "longitude": 1.5
        }
      },
      "type": "Fiber",
      "type_variety": "SSMF",
      "params": {
        "length": 50.0,
        "length_units": "km",
        "loss_coef": 0.2
      }
    },
    {
      "uid": "fiber (Lorient_KMA \u2192 Loudeac)-F054",
      "metadata": {
        "location": {
          "latitude": 2.0,
          "longitude": 2.5
        }
      },
      "type": "Fiber",
      "type_variety": "SSMF",
      "params": {
        "length": 60.0,
        "length_units": "km",
        "loss_coef": 0.2
      }
    },
    {
      "uid": "fiber (Vannes_KBE \u2192 Lorient_KMA)-F055",
      "metadata": {
        "location": {
          "latitude": 2.0,
          "longitude": 3.5
        }
      },
      "type": "Fiber",
      "type_variety": "SSMF",
      "params": {
        "length": 10.0,
        "length_units": "km",
        "loss_coef": 0.2
      }
    },
    {
      "uid": "fiber (Stbrieuc \u2192 Lannion_CAS)-F056",
      "metadata": {
        "location": {
          "latitude": 1.5,
          "longitude": 0.0
        }
      },
      "type": "Fiber",
      "type_variety": "SSMF",
      "params": {
        "length": 60.0,
        "length_units": "km",
        "loss_coef": 0.2
      }
    },
    {
      "uid": "fiber (Rennes_STA \u2192 Stbrieuc)-F057",
      "metadata": {
        "location": {
          "latitude": 0.5,
          "longitude": 0.0
        }
      },
      "type": "Fiber",
      "type_variety": "SSMF",
      "params": {
        "length": 65.0,
        "length_units": "km",
        "loss_coef": 0.2
      }
    },
    {
      "uid": "fiber (Morlaix \u2192 Lannion_CAS)-F059",
      "metadata": {
        "location": {
          "latitude": 2.5,
          "longitude": 0.0
        }
      },
      "type": "Fiber",
      "type_variety": "SSMF",
      "params": {
        "length": 40.0,
        "length_units": "km",
        "loss_coef": 0.2
      }
    },
    {
      "uid": "fiber (Brest_KLA \u2192 Morlaix)-F060",
      "metadata": {
        "location": {
          "latitude": 3.5,
          "longitude": 0.0
        }
      },
      "type": "Fiber",
      "type_variety": "SSMF",
      "params": {
        "length": 35.0,
        "length_units": "km",
        "loss_coef": 0.2
      }
    }
  ],
  "connections": [
    {
      "from_node": "roadm Lannion_CAS",
      "to_node": "fiber (Lannion_CAS \u2192 Corlay)-F061"
    },
    {
      "from_node": "fiber (Corlay \u2192 Lannion_CAS)-F061",
      "to_node": "roadm Lannion_CAS"
    },
    {
      "from_node": "roadm Lannion_CAS",
      "to_node": "fiber (Lannion_CAS \u2192 Stbrieuc)-F056"
    },
    {
      "from_node": "fiber (Stbrieuc \u2192 Lannion_CAS)-F056",
      "to_node": "roadm Lannion_CAS"
    },
    {
      "from_node": "roadm Lannion_CAS",
      "to_node": "fiber (Lannion_CAS \u2192 Morlaix)-F059"
    },
    {
      "from_node": "fiber (Morlaix \u2192 Lannion_CAS)-F059",
      "to_node": "roadm Lannion_CAS"
    },
    {
      "from_node": "fiber (Lannion_CAS \u2192 Corlay)-F061",
      "to_node": "ingress fused spans in Corlay"
    },
    {
      "from_node": "ingress fused spans in Corlay",
      "to_node": "fiber (Corlay \u2192 Loudeac)-F010"
    },
    {
      "from_node": "fiber (Loudeac \u2192 Corlay)-F010",
      "to_node": "egress fused spans in Corlay"
    },
    {
      "from_node": "egress fused spans in Corlay",
      "to_node": "fiber (Corlay \u2192 Lannion_CAS)-F061"
    },
    {
      "from_node": "fiber (Corlay \u2192 Loudeac)-F010",
      "to_node": "ingress fused spans in Loudeac"
    },
    {
      "from_node": "ingress fused spans in Loudeac",
      "to_node": "fiber (Loudeac \u2192 Lorient_KMA)-F054"
    },
    {
      "from_node": "fiber (Lorient_KMA \u2192 Loudeac)-F054",
      "to_node": "egress fused spans in Loudeac"
    },
    {
      "from_node": "egress fused spans in Loudeac",
      "to_node": "fiber (Loudeac \u2192 Corlay)-F010"
    },
    {
      "from_node": "roadm Lorient_KMA",
      "to_node": "fiber (Lorient_KMA \u2192 Loudeac)-F054"
    },
    {
      "from_node": "fiber (Loudeac \u2192 Lorient_KMA)-F054",
      "to_node": "roadm Lorient_KMA"
    },
    {
      "from_node": "roadm Lorient_KMA",
      "to_node": "fiber (Lorient_KMA \u2192 Vannes_KBE)-F055"
    },
    {
      "from_node": "fiber (Vannes_KBE \u2192 Lorient_KMA)-F055",
      "to_node": "roadm Lorient_KMA"
    },
    {
      "from_node": "roadm Vannes_KBE",
      "to_node": "fiber (Vannes_KBE \u2192 Lorient_KMA)-F055"
    },
    {
      "from_node": "fiber (Lorient_KMA \u2192 Vannes_KBE)-F055",
      "to_node": "roadm Vannes_KBE"
    },
    {
      "from_node": "fiber (Lannion_CAS \u2192 Stbrieuc)-F056",
      "to_node": "fiber (Stbrieuc \u2192 Rennes_STA)-F057"
    },
    {
      "from_node": "fiber (Rennes_STA \u2192 Stbrieuc)-F057",
      "to_node": "fiber (Stbrieuc \u2192 Lannion_CAS)-F056"
    },
    {
      "from_node": "roadm Rennes_STA",
      "to_node": "fiber (Rennes_STA \u2192 Stbrieuc)-F057"
    },
    {
      "from_node": "fiber (Stbrieuc \u2192 Rennes_STA)-F057",
      "to_node": "roadm Rennes_STA"
    },
    {
      "from_node": "fiber (Lannion_CAS \u2192 Morlaix)-F059",
      "to_node": "ingress fused spans in Morlaix"
    },
    {
      "from_node": "ingress fused spans in Morlaix",
      "to_node": "fiber (Morlaix \u2192 Brest_KLA)-F060"
    },
    {
      "from_node": "fiber (Brest_KLA \u2192 Morlaix)-F060",
      "to_node": "egress fused spans in Morlaix"
    },
    {
      "from_node": "egress fused spans in Morlaix",
      "to_node": "fiber (Morlaix \u2192 Lannion_CAS)-F059"
    },
    {
      "from_node": "roadm Brest_KLA",
      "to_node": "fiber (Brest_KLA \u2192 Morlaix)-F060"
    },
    {
      "from_node": "fiber (Morlaix \u2192 Brest_KLA)-F060",
      "to_node": "roadm Brest_KLA"
    },
    {
      "from_node": "trx Lannion_CAS",
      "to_node": "roadm Lannion_CAS"
    },
    {
      "from_node": "roadm Lannion_CAS",
      "to_node": "trx Lannion_CAS"
    },
    {
      "from_node": "trx Lorient_KMA",
      "to_node": "roadm Lorient_KMA"
    },
    {
      "from_node": "roadm Lorient_KMA",
      "to_node": "trx Lorient_KMA"
    },
    {
      "from_node": "trx Vannes_KBE",
      "to_node": "roadm Vannes_KBE"
    },
    {
      "from_node": "roadm Vannes_KBE",
      "to_node": "trx Vannes_KBE"
    },
    {
      "from_node": "trx Rennes_STA",
      "to_node": "roadm Rennes_STA"
    },
    {
      "from_node": "roadm Rennes_STA",
      "to_node": "trx Rennes_STA"
    },
    {
      "from_node": "trx Brest_KLA",
      "to_node": "roadm Brest_KLA"
    },
    {
      "from_node": "roadm Brest_KLA",
      "to_node": "trx Brest_KLA"
    }
  ]
}