{
  "elements": [
    {
      "uid": "Abilene",
      "metadata": {
        "location": {
          "city": "Abilene",
          "region": "CONUS",
          "latitude": 32.45,
          "longitude": -99.739998
        }
      },
      "type": "Transceiver"
    },
    {
      "uid": "Albany",
      "metadata": {
        "location": {
          "city": "Albany",
          "region": "CONUS",
          "latitude": 42.6699982,
          "longitude": -73.8000029
        }
      },
      "type": "Transceiver"
    },
    {
      "uid": "Albuquerque",
      "metadata": {
        "location": {
          "city": "Albuquerque",
          "region": "CONUS",
          "latitude": 35.119977,
          "longitude": -106.61997
        }
      },
      "type": "Transceiver"
    },
    {
      "uid": "Atlanta",
      "metadata": {
        "location": {
          "city": "Atlanta",
          "region": "CONUS",
          "latitude": 33.7599982,
          "longitude": -84.4199987
        }
      },
      "type": "Transceiver"
    },
    {
      "uid": "Austin",
      "metadata": {
        "location": {
          "city": "Austin",
          "region": "CONUS",
          "latitude": 30.3099988,
          "longitude": -97.7500018
        }
      },
      "type": "Transceiver"
    },
    {
      "uid": "Baltimore",
      "metadata": {
        "location": {
          "city": "Baltimore",
          "region": "CONUS",
          "latitude": 39.2999992,
          "longitude": -76.6100008
        }
      },
      "type": "Transceiver"
    },
    {
      "uid": "Baton_Rouge",
      "metadata": {
        "location": {
          "city": "Baton_Rouge",
          "region": "CONUS",
          "latitude": 30.4499996,
          "longitude": -91.1299968
        }
      },
      "type": "Transceiver"
    },
    {
      "uid": "Billings",
      "metadata": {
        "location": {
          "city": "Billings",
          "region": "CONUS",
          "latitude": 45.79000104,
          "longitude": -108.5400006
        }
      },
      "type": "Transceiver"
    },
    {
      "uid": "Birmingham",
      "metadata": {
        "location": {
          "city": "Birmingham",
          "region": "CONUS",
          "latitude": 33.5299985,
          "longitude": -86.8000029
        }
      },
      "type": "Transceiver"
    },
    {
      "uid": "Bismarck",
      "metadata": {
        "location": {
          "city": "Bismarck",
          "region": "CONUS",
          "latitude": 46.81000154,
          "longitude": -100.7699965
        }
      },
      "type": "Transceiver"
    },
    {
      "uid": "Boston",
      "metadata": {
        "location": {
          "city": "Boston",
          "region": "CONUS",
          "latitude": 42.3400005,
          "longitude": -71.0199959
        }
      },
      "type": "Transceiver"
    },
    {
      "uid": "Buffalo",
      "metadata": {
        "location": {
          "city": "Buffalo",
          "region": "CONUS",
          "latitude": 42.8899993,
          "longitude": -78.860001
        }
      },
      "type": "Transceiver"
    },
    {
      "uid": "Charleston",
      "metadata": {
        "location": {
          "city": "Charleston",
          "region": "CONUS",
          "latitude": 32.7900008,
          "longitude": -79.9899982
        }
      },
      "type": "Transceiver"
    },
    {
      "uid": "Charlotte",
      "metadata": {
        "location": {
          "city": "Charlotte",
          "region": "CONUS",
          "latitude": 35.2,
          "longitude": -80.83
        }
      },
      "type": "Transceiver"
    },
    {
      "uid": "Chicago",
      "metadata": {
        "location": {
          "city": "Chicago",
          "region": "CONUS",
          "latitude": 41.839997,
          "longitude": -87.680001
        }
      },
      "type": "Transceiver"
    },
    {
      "uid": "Cincinnati",
      "metadata": {
        "location": {
          "city": "Cincinnati",
          "region": "CONUS",
          "latitude": 39.1399991,
          "longitude": -84.5100027
        }
      },
      "type": "Transceiver"
    },
    {
      "uid": "Cleveland",
      "metadata": {
        "location": {
          "city": "Cleveland",
          "region": "CONUS",
          "latitude": 41.4799992,
          "longitude": -81.6800014
        }
      },
      "type": "Transceiver"
    },
    {
      "uid": "Columbus",
      "metadata": {
        "location": {
          "city": "Columbus",
          "region": "CONUS",
          "latitude": 39.990002,
          "longitude": -82.989997
        }
      },
      "type": "Transceiver"
    },
    {
      "uid": "Dallas",
      "metadata": {
        "location": {
          "city": "Dallas",
          "region": "CONUS",
          "latitude": 32.79,
          "longitude": -96.77
        }
      },
      "type": "Transceiver"
    },
    {
      "uid": "Denver",
      "metadata": {
        "location": {
          "city": "Denver",
          "region": "CONUS",
          "latitude": 39.77000271,
          "longitude": -104.8700036
        }
      },
      "type": "Transceiver"
    },
    {
      "uid": "Detroit",
      "metadata": {
        "location": {
          "city": "Detroit",
          "region": "CONUS",
          "latitude": 42.3800019,
          "longitude": -83.0999998
        }
      },
      "type": "Transceiver"
    },
    {
      "uid": "El_Paso",
      "metadata": {
        "location": {
          "city": "El_Paso",
          "region": "CONUS",
          "latitude": 31.84981,
          "longitude": -106.4396
        }
      },
      "type": "Transceiver"
    },
    {
      "uid": "Fresno",
      "metadata": {
        "location": {
          "city": "Fresno",
          "region": "CONUS",
          "latitude": 36.7800007,
          "longitude": -119.790002
        }
      },
      "type": "Transceiver"
    },
    {
      "uid": "Greensboro",
      "metadata": {
        "location": {
          "city": "Greensboro",
          "region": "CONUS",
          "latitude": 36.0800024,
          "longitude": -79.8300018
        }
      },
      "type": "Transceiver"
    },
    {
      "uid": "Hartford",
      "metadata": {
        "location": {
          "city": "Hartford",
          "region": "CONUS",
          "latitude": 41.7700004,
          "longitude": -72.6800003
        }
      },
      "type": "Transceiver"
    },
    {
      "uid": "Houston",
      "metadata": {
        "location": {
          "city": "Houston",
          "region": "CONUS",
          "latitude": 29.77,
          "longitude": -95.39
        }
      },
      "type": "Transceiver"
    },
    {
      "uid": "Jacksonville",
      "metadata": {
        "location": {
          "city": "Jacksonville",
          "region": "CONUS",
          "latitude": 30.330003,
          "longitude": -81.660002
        }
      },
      "type": "Transceiver"
    },
    {
      "uid": "Kansas_City",
      "metadata": {
        "location": {
          "city": "Kansas_City",
          "region": "CONUS",
          "latitude": 39.1199992,
          "longitude": -94.7300038
        }
      },
      "type": "Transceiver"
    },
    {
      "uid": "Las_Vegas",
      "metadata": {
        "location": {
          "city": "Las_Vegas",
          "region": "CONUS",
          "latitude": 36.20999,
          "longitude": -115.2199
        }
      },
      "type": "Transceiver"
    },
    {
      "uid": "Little_Rock",
      "metadata": {
        "location": {
          "city": "Little_Rock",
          "region": "CONUS",
          "latitude": 34.72,
          "longitude": -92.35
        }
      },
      "type": "Transceiver"
    },
    {
      "uid": "Long_Island",
      "metadata": {
        "location": {
          "city": "Long_Island",
          "region": "CONUS",
          "latitude": 40.5899999,
          "longitude": -73.6699993
        }
      },
      "type": "Transceiver"
    },
    {
      "uid": "Los_Angeles",
      "metadata": {
        "location": {
          "city": "Los_Angeles",
          "region": "CONUS",
          "latitude": 34.110001,
          "longitude": -118.410002
        }
      },
      "type": "Transceiver"
    },
    {
      "uid": "Louisville",
      "metadata": {
        "location": {
          "city": "Louisville",
          "region": "CONUS",
          "latitude": 38.2200009,
          "longitude": -85.7399979
        }
      },
      "type": "Transceiver"
    },
    {
      "uid": "Memphis",
      "metadata": {
        "location": {
          "city": "Memphis",
          "region": "CONUS",
          "latitude": 35.110001,
          "longitude": -90.010004
        }
      },
      "type": "Transceiver"
    },
    {
      "uid": "Miami",
      "metadata": {
        "location": {
          "city": "Miami",
          "region": "CONUS",
          "latitude": 25.7800006,
          "longitude": -80.2099997
        }
      },
      "type": "Transceiver"
    },
    {
      "uid": "Milwaukee",
      "metadata": {
        "location": {
          "city": "Milwaukee",
          "region": "CONUS",
          "latitude": 43.0600013,
          "longitude": -87.9700005
        }
      },
      "type": "Transceiver"
    },
    {
      "uid": "Minneapolis",
      "metadata": {
        "location": {
          "city": "Minneapolis",
          "region": "CONUS",
          "latitude": 44.9599988,
          "longitude": -93.2699973
        }
      },
      "type": "Transceiver"
    },
    {
      "uid": "Nashville",
      "metadata": {
        "location": {
          "city": "Nashville",
          "region": "CONUS",
          "latitude": 36.1699984,
          "longitude": -86.7799989
        }
      },
      "type": "Transceiver"
    },
    {
      "uid": "New_Orleans",
      "metadata": {
        "location": {
          "city": "New_Orleans",
          "region": "CONUS",
          "latitude": 30.07,
          "longitude": -89.93
        }
      },
      "type": "Transceiver"
    },
    {
      "uid": "New_York",
      "metadata": {
        "location": {
          "city": "New_York",
          "region": "CONUS",
          "latitude": 40.6699983,
          "longitude": -73.9400035
        }
      },
      "type": "Transceiver"
    },
    {
      "uid": "Newark",
      "metadata": {
        "location": {
          "city": "Newark",
          "region": "CONUS",
          "latitude": 40.7200012,
          "longitude": -74.1699986
        }
      },
      "type": "Transceiver"
    },
    {
      "uid": "Norfolk",
      "metadata": {
        "location": {
          "city": "Norfolk",
          "region": "CONUS",
          "latitude": 36.9199982,
          "longitude": -76.2399978
        }
      },
      "type": "Transceiver"
    },
    {
      "uid": "Oakland",
      "metadata": {
        "location": {
          "city": "Oakland",
          "region": "CONUS",
          "latitude": 37.77000071,
          "longitude": -122.2200016
        }
      },
      "type": "Transceiver"
    },
    {
      "uid": "Oklahoma_City",
      "metadata": {
        "location": {
          "city": "Oklahoma_City",
          "region": "CONUS",
          "latitude": 35.4700015,
          "longitude": -97.5100028
        }
      },
      "type": "Transceiver"
    },
    {
      "uid": "Omaha",
      "metadata": {
        "location": {
          "city": "Omaha",
          "region": "CONUS",
          "latitude": 41.2599984,
          "longitude": -96.0100022
        }
      },
      "type": "Transceiver"
    },
    {
      "uid": "Orlando",
      "metadata": {
        "location": {
          "city": "Orlando",
          "region": "CONUS",
          "latitude": 28.4999994,
          "longitude": -81.370003
        }
      },
      "type": "Transceiver"
    },
    {
      "uid": "Philadelphia",
      "metadata": {
        "location": {
          "city": "Philadelphia",
          "region": "CONUS",
          "latitude": 40.0099985,
          "longitude": -75.1299964
        }
      },
      "type": "Transceiver"
    },
    {
      "uid": "Phoenix",
      "metadata": {
        "location": {
          "city": "Phoenix",
          "region": "CONUS",
          "latitude": 33.54000058,
          "longitude": -112.0699996
        }
      },
      "type": "Transceiver"
    },
    {
      "uid": "Pittsburgh",
      "metadata": {
        "location": {
          "city": "Pittsburgh",
          "region": "CONUS",
          "latitude": 40.3,
          "longitude": -80.13
        }
      },
      "type": "Transceiver"
    },
    {
      "uid": "Portland",
      "metadata": {
        "location": {
          "city": "Portland",
          "region": "CONUS",
          "latitude": 45.54000072,
          "longitude": -122.6600035
        }
      },
      "type": "Transceiver"
    },
    {
      "uid": "Providence",
      "metadata": {
        "location": {
          "city": "Providence",
          "region": "CONUS",
          "latitude": 41.82,
          "longitude": -71.42
        }
      },
      "type": "Transceiver"
    },
    {
      "uid": "Raleigh",
      "metadata": {
        "location": {
          "city": "Raleigh",
          "region": "CONUS",
          "latitude": 35.8199995,
          "longitude": -78.6600034
        }
      },
      "type": "Transceiver"
    },
    {
      "uid": "Richmond",
      "metadata": {
        "location": {
          "city": "Richmond",
          "region": "CONUS",
          "latitude": 37.5299986,
          "longitude": -77.4700015
        }
      },
      "type": "Transceiver"
    },
    {
      "uid": "Rochester",
      "metadata": {
        "location": {
          "city": "Rochester",
          "region": "CONUS",
          "latitude": 43.1699985,
          "longitude": -77.620003
        }
      },
      "type": "Transceiver"
    },
    {
      "uid": "Sacramento",
      "metadata": {
        "location": {
          "city": "Sacramento",
          "region": "CONUS",
          "latitude": 38.56999946,
          "longitude": -121.4700016
        }
      },
      "type": "Transceiver"
    },
    {
      "uid": "Salt_Lake_City",
      "metadata": {
        "location": {
          "city": "Salt_Lake_City",
          "region": "CONUS",
          "latitude": 40.77999863,
          "longitude": -111.9300007
        }
      },
      "type": "Transceiver"
    },
    {
      "uid": "San_Antonio",
      "metadata": {
        "location": {
          "city": "San_Antonio",
          "region": "CONUS",
          "latitude": 29.459997,
          "longitude": -98.510002
        }
      },
      "type": "Transceiver"
    },
    {
      "uid": "San_Diego",
      "metadata": {
        "location": {
          "city": "San_Diego",
          "region": "CONUS",
          "latitude": 32.8100017,
          "longitude": -117.139999
        }
      },
      "type": "Transceiver"
    },
    {
      "uid": "San_Francisco",
      "metadata": {
        "location": {
          "city": "San_Francisco",
          "region": "CONUS",
          "latitude": 37.65999942,
          "longitude": -122.4199987
        }
      },
      "type": "Transceiver"
    },
    {
      "uid": "San_Jose",
      "metadata": {
        "location": {
          "city": "San_Jose",
          "region": "CONUS",
          "latitude": 37.29999947,
          "longitude": -121.8499985
        }
      },
      "type": "Transceiver"
    },
    {
      "uid": "Santa_Barbara",
      "metadata": {
        "location": {
          "city": "Santa_Barbara",
          "region": "CONUS",
          "latitude": 34.43000021,
          "longitude": -119.7200014
        }
      },
      "type": "Transceiver"
    },
    {
      "uid": "Scranton",
      "metadata": {
        "location": {
          "city": "Scranton",
          "region": "CONUS",
          "latitude": 41.4,
          "longitude": -75.67
        }
      },
      "type": "Transceiver"
    },
    {
      "uid": "Seattle",
      "metadata": {
        "location": {
          "city": "Seattle",
          "region": "CONUS",
          "latitude": 47.61999916,
          "longitude": -122.3499985
        }
      },
      "type": "Transceiver"
    },
    {
      "uid": "Spokane",
      "metadata": {
        "location": {
          "city": "Spokane",
          "region": "CONUS",
          "latitude": 47.66999805,
          "longitude": -117.4100038
        }
      },
      "type": "Transceiver"
    },
    {
      "uid": "Springfield",
      "metadata": {
        "location": {
          "city": "Springfield",
          "region": "CONUS",
          "latitude": 39.5,
          "longitude": -89.4
        }
      },
      "type": "Transceiver"
    },
    {
      "uid": "St_Louis",
      "metadata": {
        "location": {
          "city": "St_Louis",
          "region": "CONUS",
          "latitude": 38.64,
          "longitude": -90.24
        }
      },
      "type": "Transceiver"
    },
    {
      "uid": "Syracuse",
      "metadata": {
        "location": {
          "city": "Syracuse",
          "region": "CONUS",
          "latitude": 43.040001,
          "longitude": -76.1399993
        }
      },
      "type": "Transceiver"
    },
    {
      "uid": "Tallahassee",
      "metadata": {
        "location": {
          "city": "Tallahassee",
          "region": "CONUS",
          "latitude": 30.46,
          "longitude": -84.28
        }
      },
      "type": "Transceiver"
    },
    {
      "uid": "Tampa",
      "metadata": {
        "location": {
          "city": "Tampa",
          "region": "CONUS",
          "latitude": 27.9599988,
          "longitude": -82.4800035
        }
      },
      "type": "Transceiver"
    },
    {
      "uid": "Toledo",
      "metadata": {
        "location": {
          "city": "Toledo",
          "region": "CONUS",
          "latitude": 41.659997,
          "longitude": -83.58
        }
      },
      "type": "Transceiver"
    },
    {
      "uid": "Tucson",
      "metadata": {
        "location": {
          "city": "Tucson",
          "region": "CONUS",
          "latitude": 32.2,
          "longitude": -110.89
        }
      },
      "type": "Transceiver"
    },
    {
      "uid": "Tulsa",
      "metadata": {
        "location": {
          "city": "Tulsa",
          "region": "CONUS",
          "latitude": 36.13,
          "longitude": -95.92
        }
      },
      "type": "Transceiver"
    },
    {
      "uid": "Washington_DC",
      "metadata": {
        "location": {
          "city": "Washington_DC",
          "region": "CONUS",
          "latitude": 38.9100003,
          "longitude": -77.0199965
        }
      },
      "type": "Transceiver"
    },
    {
      "uid": "West_Palm_Beach",
      "metadata": {
        "location": {
          "city": "West_Palm_Beach",
          "region": "CONUS",
          "latitude": 26.7499997,
          "longitude": -80.1299975
        }
      },
      "type": "Transceiver"
    },
    {
      "uid": "Wilmington",
      "metadata": {
        "location": {
          "city": "Wilmington",
          "region": "CONUS",
          "latitude": 39.7400018,
          "longitude": -75.5299989
        }
      },
      "type": "Transceiver"
    },
    {
      "uid": "fiber (Abilene \u2192 Dallas)",
      "metadata": {
        "length": 336.951,
        "units": "km",
        "location": {
          "latitude": 32.620000000000005,
          "longitude": -98.254999
        }
      },
      "type": "Fiber"
    },
    {
      "uid": "fiber (Abilene \u2192 El_Paso)",
      "metadata": {
        "length": 761.209,
        "units": "km",
        "location": {
          "latitude": 32.149905000000004,
          "longitude": -103.089799
        }
      },
      "type": "Fiber"
    },
    {
      "uid": "fiber (Albany \u2192 Boston)",
      "metadata": {
        "length": 277.065,
        "units": "km",
        "location": {
          "latitude": 42.504999350000006,
          "longitude": -72.4099994
        }
      },
      "type": "Fiber"
    },
    {
      "uid": "fiber (Albany \u2192 Syracuse)",
      "metadata": {
        "length": 234.221,
        "units": "km",
        "location": {
          "latitude": 42.8549996,
          "longitude": -74.97000109999999
        }
      },
      "type": "Fiber"
    },
    {
      "uid": "fiber (Albuquerque \u2192 Dallas)",
      "metadata": {
        "length": 1133.443,
        "units": "km",
        "location": {
          "latitude": 33.9549885,
          "longitude": -101.694985
        }
      },
      "type": "Fiber"
    },
    {
      "uid": "fiber (Albuquerque \u2192 Denver)",
      "metadata": {
        "length": 647.737,
        "units": "km",
        "location": {
          "latitude": 37.444989855,
          "longitude": -105.74498679999999
        }
      },
      "type": "Fiber"
    },
    {
      "uid": "fiber (Albuquerque \u2192 El_Paso)",
      "metadata": {
        "length": 436.949,
        "units": "km",
        "location": {
          "latitude": 33.4848935,
          "longitude": -106.529785
        }
      },
      "type": "Fiber"
    },
    {
      "uid": "fiber (Albuquerque \u2192 Las_Vegas)",
      "metadata": {
        "length": 943.536,
        "units": "km",
        "location": {
          "latitude": 35.6649835,
          "longitude": -110.919935
        }
      },
      "type": "Fiber"
    },
    {
      "uid": "fiber (Atlanta \u2192 Birmingham)",
      "metadata": {
        "length": 266.228,
        "units": "km",
        "location": {
          "latitude": 33.644998349999995,
          "longitude": -85.6100008
        }
      },
      "type": "Fiber"
    },
    {
      "uid": "fiber (Atlanta \u2192 Charlotte)",
      "metadata": {
        "length": 439.238,
        "units": "km",
        "location": {
          "latitude": 34.4799991,
          "longitude": -82.62499935
        }
      },
      "type": "Fiber"
    },
    {
      "uid": "fiber (Atlanta \u2192 Jacksonville)",
      "metadata": {
        "length": 554.111,
        "units": "km",
        "location": {
          "latitude": 32.0450006,
          "longitude": -83.04000035
        }
      },
      "type": "Fiber"
    },
    {
      "uid": "fiber (Austin \u2192 Houston)",
      "metadata": {
        "length": 282.049,
        "units": "km",
        "location": {
          "latitude": 30.0399994,
          "longitude": -96.5700009
        }
      },
      "type": "Fiber"
    },
    {
      "uid": "fiber (Austin \u2192 San_Antonio)",
      "metadata": {
        "length": 143.553,
        "units": "km",
        "location": {
          "latitude": 29.884997900000002,
          "longitude": -98.1300019
        }
      },
      "type": "Fiber"
    },
    {
      "uid": "fiber (Baltimore \u2192 Philadelphia)",
      "metadata": {
        "length": 179.195,
        "units": "km",
        "location": {
          "latitude": 39.65499885,
          "longitude": -75.8699986
        }
      },
      "type": "Fiber"
    },
    {
      "uid": "fiber (Baltimore \u2192 Pittsburgh)",
      "metadata": {
        "length": 384.819,
        "units": "km",
        "location": {
          "latitude": 39.7999996,
          "longitude": -78.3700004
        }
      },
      "type": "Fiber"
    },
    {
      "uid": "fiber (Baltimore \u2192 Washington_DC)",
      "metadata": {
        "length": 67.179,
        "units": "km",
        "location": {
          "latitude": 39.104999750000005,
          "longitude": -76.81499865
        }
      },
      "type": "Fiber"
    },
    {
      "uid": "fiber (Baton_Rouge \u2192 Houston)",
      "metadata": {
        "length": 500.152,
        "units": "km",
        "location": {
          "latitude": 30.1099998,
          "longitude": -93.2599984
        }
      },
      "type": "Fiber"
    },
    {
      "uid": "fiber (Baton_Rouge \u2192 New_Orleans)",
      "metadata": {
        "length": 147.35,
        "units": "km",
        "location": {
          "latitude": 30.259999800000003,
          "longitude": -90.52999840000001
        }
      },
      "type": "Fiber"
    },
    {
      "uid": "fiber (Billings \u2192 Bismarck)",
      "metadata": {
        "length": 729.017,
        "units": "km",
        "location": {
          "latitude": 46.30000129,
          "longitude": -104.65499855
        }
      },
      "type": "Fiber"
    },
    {
      "uid": "fiber (Billings \u2192 Denver)",
      "metadata": {
        "length": 880.042,
        "units": "km",
        "location": {
          "latitude": 42.780001874999996,
          "longitude": -106.7050021
        }
      },
      "type": "Fiber"
    },
    {
      "uid": "fiber (Billings \u2192 Spokane)",
      "metadata": {
        "length": 848.858,
        "units": "km",
        "location": {
          "latitude": 46.729999545,
          "longitude": -112.9750022
        }
      },
      "type": "Fiber"
    },
    {
      "uid": "fiber (Birmingham \u2192 Nashville)",
      "metadata": {
        "length": 352.383,
        "units": "km",
        "location": {
          "latitude": 34.84999845,
          "longitude": -86.7900009
        }
      },
      "type": "Fiber"
    },
    {
      "uid": "fiber (Birmingham \u2192 New_Orleans)",
      "metadata": {
        "length": 582.464,
        "units": "km",
        "location": {
          "latitude": 31.79999925,
          "longitude": -88.36500145
        }
      },
      "type": "Fiber"
    },
    {
      "uid": "fiber (Bismarck \u2192 Minneapolis)",
      "metadata": {
        "length": 738.94,
        "units": "km",
        "location": {
          "latitude": 45.88500017,
          "longitude": -97.0199969
        }
      },
      "type": "Fiber"
    },
    {
      "uid": "fiber (Boston \u2192 Providence)",
      "metadata": {
        "length": 79.923,
        "units": "km",
        "location": {
          "latitude": 42.08000025,
          "longitude": -71.21999794999999
        }
      },
      "type": "Fiber"
    },
    {
      "uid": "fiber (Buffalo \u2192 Cleveland)",
      "metadata": {
        "length": 336.434,
        "units": "km",
        "location": {
          "latitude": 42.184999250000004,
          "longitude": -80.2700012
        }
      },
      "type": "Fiber"
    },
    {
      "uid": "fiber (Buffalo \u2192 Rochester)",
      "metadata": {
        "length": 126.626,
        "units": "km",
        "location": {
          "latitude": 43.029998899999995,
          "longitude": -78.240002
        }
      },
      "type": "Fiber"
    },
    {
      "uid": "fiber (Charleston \u2192 Jacksonville)",
      "metadata": {
        "length": 379.311,
        "units": "km",
        "location": {
          "latitude": 31.560001900000003,
          "longitude": -80.82500010000001
        }
      },
      "type": "Fiber"
    },
    {
      "uid": "fiber (Charleston \u2192 Raleigh)",
      "metadata": {
        "length": 430.182,
        "units": "km",
        "location": {
          "latitude": 34.30500015,
          "longitude": -79.3250008
        }
      },
      "type": "Fiber"
    },
    {
      "uid": "fiber (Charlotte \u2192 Greensboro)",
      "metadata": {
        "length": 159.883,
        "units": "km",
        "location": {
          "latitude": 35.6400012,
          "longitude": -80.3300009
        }
      },
      "type": "Fiber"
    },
    {
      "uid": "fiber (Chicago \u2192 Detroit)",
      "metadata": {
        "length": 459.145,
        "units": "km",
        "location": {
          "latitude": 42.109999450000004,
          "longitude": -85.3900004
        }
      },
      "type": "Fiber"
    },
    {
      "uid": "fiber (Chicago \u2192 Milwaukee)",
      "metadata": {
        "length": 165.326,
        "units": "km",
        "location": {
          "latitude": 42.44999915,
          "longitude": -87.82500075
        }
      },
      "type": "Fiber"
    },
    {
      "uid": "fiber (Chicago \u2192 Springfield)",
      "metadata": {
        "length": 357.573,
        "units": "km",
        "location": {
          "latitude": 40.6699985,
          "longitude": -88.5400005
        }
      },
      "type": "Fiber"
    },
    {
      "uid": "fiber (Cincinnati \u2192 Columbus)",
      "metadata": {
        "length": 193.215,
        "units": "km",
        "location": {
          "latitude": 39.56500054999999,
          "longitude": -83.74999985
        }
      },
      "type": "Fiber"
    },
    {
      "uid": "fiber (Cincinnati \u2192 Louisville)",
      "metadata": {
        "length": 177.493,
        "units": "km",
        "location": {
          "latitude": 38.68,
          "longitude": -85.12500030000001
        }
      },
      "type": "Fiber"
    },
    {
      "uid": "fiber (Cincinnati \u2192 Washington_DC)",
      "metadata": {
        "length": 777.051,
        "units": "km",
        "location": {
          "latitude": 39.024999699999995,
          "longitude": -80.76499960000001
        }
      },
      "type": "Fiber"
    },
    {
      "uid": "fiber (Cleveland \u2192 Columbus)",
      "metadata": {
        "length": 238.963,
        "units": "km",
        "location": {
          "latitude": 40.7350006,
          "longitude": -82.3349992
        }
      },
      "type": "Fiber"
    },
    {
      "uid": "fiber (Cleveland \u2192 Toledo)",
      "metadata": {
        "length": 191.244,
        "units": "km",
        "location": {
          "latitude": 41.5699981,
          "longitude": -82.6300007
        }
      },
      "type": "Fiber"
    },
    {
      "uid": "fiber (Columbus \u2192 Pittsburgh)",
      "metadata": {
        "length": 294.714,
        "units": "km",
        "location": {
          "latitude": 40.14500099999999,
          "longitude": -81.5599985
        }
      },
      "type": "Fiber"
    },
    {
      "uid": "fiber (Dallas \u2192 Houston)",
      "metadata": {
        "length": 432.731,
        "units": "km",
        "location": {
          "latitude": 31.28,
          "longitude": -96.08
        }
      },
      "type": "Fiber"
    },
    {
      "uid": "fiber (Dallas \u2192 Little_Rock)",
      "metadata": {
        "length": 553.958,
        "units": "km",
        "location": {
          "latitude": 33.754999999999995,
          "longitude": -94.56
        }
      },
      "type": "Fiber"
    },
    {
      "uid": "fiber (Dallas \u2192 Oklahoma_City)",
      "metadata": {
        "length": 366.936,
        "units": "km",
        "location": {
          "latitude": 34.13000075,
          "longitude": -97.14000139999999
        }
      },
      "type": "Fiber"
    },
    {
      "uid": "fiber (Denver \u2192 Omaha)",
      "metadata": {
        "length": 920.337,
        "units": "km",
        "location": {
          "latitude": 40.515000555,
          "longitude": -100.4400029
        }
      },
      "type": "Fiber"
    },
    {
      "uid": "fiber (Denver \u2192 Salt_Lake_City)",
      "metadata": {
        "length": 731.272,
        "units": "km",
        "location": {
          "latitude": 40.27500067,
          "longitude": -108.40000215
        }
      },
      "type": "Fiber"
    },
    {
      "uid": "fiber (Detroit \u2192 Toledo)",
      "metadata": {
        "length": 107.244,
        "units": "km",
        "location": {
          "latitude": 42.01999945,
          "longitude": -83.33999990000001
        }
      },
      "type": "Fiber"
    },
    {
      "uid": "fiber (El_Paso \u2192 San_Antonio)",
      "metadata": {
        "length": 964.453,
        "units": "km",
        "location": {
          "latitude": 30.654903500000003,
          "longitude": -102.474801
        }
      },
      "type": "Fiber"
    },
    {
      "uid": "fiber (El_Paso \u2192 Tucson)",
      "metadata": {
        "length": 505.749,
        "units": "km",
        "location": {
          "latitude": 32.024905000000004,
          "longitude": -108.6648
        }
      },
      "type": "Fiber"
    },
    {
      "uid": "fiber (Fresno \u2192 Las_Vegas)",
      "metadata": {
        "length": 496.199,
        "units": "km",
        "location": {
          "latitude": 36.494995349999996,
          "longitude": -117.504951
        }
      },
      "type": "Fiber"
    },
    {
      "uid": "fiber (Fresno \u2192 Los_Angeles)",
      "metadata": {
        "length": 386.671,
        "units": "km",
        "location": {
          "latitude": 35.44500085,
          "longitude": -119.100002
        }
      },
      "type": "Fiber"
    },
    {
      "uid": "fiber (Fresno \u2192 Oakland)",
      "metadata": {
        "length": 289.941,
        "units": "km",
        "location": {
          "latitude": 37.275000705,
          "longitude": -121.0050018
        }
      },
      "type": "Fiber"
    },
    {
      "uid": "fiber (Greensboro \u2192 Louisville)",
      "metadata": {
        "length": 690.409,
        "units": "km",
        "location": {
          "latitude": 37.15000165,
          "longitude": -82.78499985
        }
      },
      "type": "Fiber"
    },
    {
      "uid": "fiber (Greensboro \u2192 Raleigh)",
      "metadata": {
        "length": 131.097,
        "units": "km",
        "location": {
          "latitude": 35.95000095,
          "longitude": -79.24500259999999
        }
      },
      "type": "Fiber"
    },
    {
      "uid": "fiber (Greensboro \u2192 Richmond)",
      "metadata": {
        "length": 317.897,
        "units": "km",
        "location": {
          "latitude": 36.8050005,
          "longitude": -78.65000165000001
        }
      },
      "type": "Fiber"
    },
    {
      "uid": "fiber (Hartford \u2192 Long_Island)",
      "metadata": {
        "length": 186.271,
        "units": "km",
        "location": {
          "latitude": 41.18000015,
          "longitude": -73.1749998
        }
      },
      "type": "Fiber"
    },
    {
      "uid": "fiber (Hartford \u2192 Providence)",
      "metadata": {
        "length": 125.56,
        "units": "km",
        "location": {
          "latitude": 41.795000200000004,
          "longitude": -72.05000015
        }
      },
      "type": "Fiber"
    },
    {
      "uid": "fiber (Jacksonville \u2192 Orlando)",
      "metadata": {
        "length": 246.577,
        "units": "km",
        "location": {
          "latitude": 29.4150012,
          "longitude": -81.51500250000001
        }
      },
      "type": "Fiber"
    },
    {
      "uid": "fiber (Kansas_City \u2192 Omaha)",
      "metadata": {
        "length": 314.032,
        "units": "km",
        "location": {
          "latitude": 40.1899988,
          "longitude": -95.370003
        }
      },
      "type": "Fiber"
    },
    {
      "uid": "fiber (Kansas_City \u2192 St_Louis)",
      "metadata": {
        "length": 470.866,
        "units": "km",
        "location": {
          "latitude": 38.879999600000005,
          "longitude": -92.4850019
        }
      },
      "type": "Fiber"
    },
    {
      "uid": "fiber (Kansas_City \u2192 Tulsa)",
      "metadata": {
        "length": 418.438,
        "units": "km",
        "location": {
          "latitude": 37.6249996,
          "longitude": -95.3250019
        }
      },
      "type": "Fiber"
    },
    {
      "uid": "fiber (Las_Vegas \u2192 Phoenix)",
      "metadata": {
        "length": 495.9,
        "units": "km",
        "location": {
          "latitude": 34.87499529,
          "longitude": -113.6449498
        }
      },
      "type": "Fiber"
    },
    {
      "uid": "fiber (Las_Vegas \u2192 Salt_Lake_City)",
      "metadata": {
        "length": 700.005,
        "units": "km",
        "location": {
          "latitude": 38.494994315,
          "longitude": -113.57495035
        }
      },
      "type": "Fiber"
    },
    {
      "uid": "fiber (Little_Rock \u2192 Memphis)",
      "metadata": {
        "length": 261.343,
        "units": "km",
        "location": {
          "latitude": 34.9150005,
          "longitude": -91.180002
        }
      },
      "type": "Fiber"
    },
    {
      "uid": "fiber (Long_Island \u2192 New_York)",
      "metadata": {
        "length": 29.362,
        "units": "km",
        "location": {
          "latitude": 40.629999100000006,
          "longitude": -73.80500140000001
        }
      },
      "type": "Fiber"
    },
    {
      "uid": "fiber (Los_Angeles \u2192 San_Diego)",
      "metadata": {
        "length": 223.845,
        "units": "km",
        "location": {
          "latitude": 33.46000135,
          "longitude": -117.7750005
        }
      },
      "type": "Fiber"
    },
    {
      "uid": "fiber (Los_Angeles \u2192 Santa_Barbara)",
      "metadata": {
        "length": 150.677,
        "units": "km",
        "location": {
          "latitude": 34.270000605,
          "longitude": -119.06500170000001
        }
      },
      "type": "Fiber"
    },
    {
      "uid": "fiber (Louisville \u2192 Nashville)",
      "metadata": {
        "length": 295.118,
        "units": "km",
        "location": {
          "latitude": 37.19499965,
          "longitude": -86.2599984
        }
      },
      "type": "Fiber"
    },
    {
      "uid": "fiber (Louisville \u2192 St_Louis)",
      "metadata": {
        "length": 473.802,
        "units": "km",
        "location": {
          "latitude": 38.43000045,
          "longitude": -87.98999895
        }
      },
      "type": "Fiber"
    },
    {
      "uid": "fiber (Memphis \u2192 Nashville)",
      "metadata": {
        "length": 377.836,
        "units": "km",
        "location": {
          "latitude": 35.6399997,
          "longitude": -88.39500145
        }
      },
      "type": "Fiber"
    },
    {
      "uid": "fiber (Miami \u2192 Tampa)",
      "metadata": {
        "length": 397.115,
        "units": "km",
        "location": {
          "latitude": 26.8699997,
          "longitude": -81.34500159999999
        }
      },
      "type": "Fiber"
    },
    {
      "uid": "fiber (Miami \u2192 West_Palm_Beach)",
      "metadata": {
        "length": 129.825,
        "units": "km",
        "location": {
          "latitude": 26.26500015,
          "longitude": -80.1699986
        }
      },
      "type": "Fiber"
    },
    {
      "uid": "fiber (Milwaukee \u2192 Minneapolis)",
      "metadata": {
        "length": 568.334,
        "units": "km",
        "location": {
          "latitude": 44.01000005,
          "longitude": -90.6199989
        }
      },
      "type": "Fiber"
    },
    {
      "uid": "fiber (Minneapolis \u2192 Omaha)",
      "metadata": {
        "length": 561.327,
        "units": "km",
        "location": {
          "latitude": 43.1099986,
          "longitude": -94.63999975
        }
      },
      "type": "Fiber"
    },
    {
      "uid": "fiber (New_Orleans \u2192 Tallahassee)",
      "metadata": {
        "length": 653.359,
        "units": "km",
        "location": {
          "latitude": 30.265,
          "longitude": -87.105
        }
      },
      "type": "Fiber"
    },
    {
      "uid": "fiber (New_York \u2192 Newark)",
      "metadata": {
        "length": 24.214,
        "units": "km",
        "location": {
          "latitude": 40.69499975,
          "longitude": -74.05500105
        }
      },
      "type": "Fiber"
    },
    {
      "uid": "fiber (New_York \u2192 Scranton)",
      "metadata": {
        "length": 199.575,
        "units": "km",
        "location": {
          "latitude": 41.034999150000004,
          "longitude": -74.80500175
        }
      },
      "type": "Fiber"
    },
    {
      "uid": "fiber (New_York \u2192 Wilmington)",
      "metadata": {
        "length": 204.152,
        "units": "km",
        "location": {
          "latitude": 40.20500005,
          "longitude": -74.7350012
        }
      },
      "type": "Fiber"
    },
    {
      "uid": "fiber (Newark \u2192 Philadelphia)",
      "metadata": {
        "length": 136.06,
        "units": "km",
        "location": {
          "latitude": 40.364999850000004,
          "longitude": -74.6499975
        }
      },
      "type": "Fiber"
    },
    {
      "uid": "fiber (Norfolk \u2192 Raleigh)",
      "metadata": {
        "length": 298.656,
        "units": "km",
        "location": {
          "latitude": 36.36999885,
          "longitude": -77.4500006
        }
      },
      "type": "Fiber"
    },
    {
      "uid": "fiber (Norfolk \u2192 Wilmington)",
      "metadata": {
        "length": 383.669,
        "units": "km",
        "location": {
          "latitude": 38.33,
          "longitude": -75.88499834999999
        }
      },
      "type": "Fiber"
    },
    {
      "uid": "fiber (Oakland \u2192 Sacramento)",
      "metadata": {
        "length": 132.649,
        "units": "km",
        "location": {
          "latitude": 38.170000085,
          "longitude": -121.8450016
        }
      },
      "type": "Fiber"
    },
    {
      "uid": "fiber (Oakland \u2192 Salt_Lake_City)",
      "metadata": {
        "length": 1135.717,
        "units": "km",
        "location": {
          "latitude": 39.27499967,
          "longitude": -117.07500114999999
        }
      },
      "type": "Fiber"
    },
    {
      "uid": "fiber (Oakland \u2192 San_Francisco)",
      "metadata": {
        "length": 25.72,
        "units": "km",
        "location": {
          "latitude": 37.715000065,
          "longitude": -122.32000015
        }
      },
      "type": "Fiber"
    },
    {
      "uid": "fiber (Oklahoma_City \u2192 Tulsa)",
      "metadata": {
        "length": 193.359,
        "units": "km",
        "location": {
          "latitude": 35.80000075,
          "longitude": -96.7150014
        }
      },
      "type": "Fiber"
    },
    {
      "uid": "fiber (Orlando \u2192 West_Palm_Beach)",
      "metadata": {
        "length": 275.793,
        "units": "km",
        "location": {
          "latitude": 27.62499955,
          "longitude": -80.75000025
        }
      },
      "type": "Fiber"
    },
    {
      "uid": "fiber (Philadelphia \u2192 Scranton)",
      "metadata": {
        "length": 193.409,
        "units": "km",
        "location": {
          "latitude": 40.70499925,
          "longitude": -75.3999982
        }
      },
      "type": "Fiber"
    },
    {
      "uid": "fiber (Phoenix \u2192 San_Diego)",
      "metadata": {
        "length": 574.675,
        "units": "km",
        "location": {
          "latitude": 33.17500114,
          "longitude": -114.6049993
        }
      },
      "type": "Fiber"
    },
    {
      "uid": "fiber (Phoenix \u2192 Tucson)",
      "metadata": {
        "length": 222.458,
        "units": "km",
        "location": {
          "latitude": 32.87000029,
          "longitude": -111.4799998
        }
      },
      "type": "Fiber"
    },
    {
      "uid": "fiber (Pittsburgh \u2192 Scranton)",
      "metadata": {
        "length": 473.565,
        "units": "km",
        "location": {
          "latitude": 40.849999999999994,
          "longitude": -77.9
        }
      },
      "type": "Fiber"
    },
    {
      "uid": "fiber (Portland \u2192 Sacramento)",
      "metadata": {
        "length": 937.74,
        "units": "km",
        "location": {
          "latitude": 42.05500009,
          "longitude": -122.06500255
        }
      },
      "type": "Fiber"
    },
    {
      "uid": "fiber (Portland \u2192 Salt_Lake_City)",
      "metadata": {
        "length": 1221.189,
        "units": "km",
        "location": {
          "latitude": 43.159999675,
          "longitude": -117.2950021
        }
      },
      "type": "Fiber"
    },
    {
      "uid": "fiber (Portland \u2192 Seattle)",
      "metadata": {
        "length": 279.082,
        "units": "km",
        "location": {
          "latitude": 46.57999994,
          "longitude": -122.505001
        }
      },
      "type": "Fiber"
    },
    {
      "uid": "fiber (Richmond \u2192 Washington_DC)",
      "metadata": {
        "length": 190.145,
        "units": "km",
        "location": {
          "latitude": 38.21999945,
          "longitude": -77.244999
        }
      },
      "type": "Fiber"
    },
    {
      "uid": "fiber (Rochester \u2192 Syracuse)",
      "metadata": {
        "length": 145.266,
        "units": "km",
        "location": {
          "latitude": 43.10499975,
          "longitude": -76.88000115
        }
      },
      "type": "Fiber"
    },
    {
      "uid": "fiber (San_Francisco \u2192 San_Jose)",
      "metadata": {
        "length": 77.163,
        "units": "km",
        "location": {
          "latitude": 37.479999445000004,
          "longitude": -122.13499859999999
        }
      },
      "type": "Fiber"
    },
    {
      "uid": "fiber (San_Jose \u2192 Santa_Barbara)",
      "metadata": {
        "length": 446.99,
        "units": "km",
        "location": {
          "latitude": 35.86499984,
          "longitude": -120.78499995
        }
      },
      "type": "Fiber"
    },
    {
      "uid": "fiber (Scranton \u2192 Syracuse)",
      "metadata": {
        "length": 223.775,
        "units": "km",
        "location": {
          "latitude": 42.2200005,
          "longitude": -75.90499965000001
        }
      },
      "type": "Fiber"
    },
    {
      "uid": "fiber (Seattle \u2192 Spokane)",
      "metadata": {
        "length": 444.207,
        "units": "km",
        "location": {
          "latitude": 47.644998605,
          "longitude": -119.88000115
        }
      },
      "type": "Fiber"
    },
    {
      "uid": "fiber (Springfield \u2192 St_Louis)",
      "metadata": {
        "length": 144.06,
        "units": "km",
        "location": {
          "latitude": 39.07,
          "longitude": -89.82
        }
      },
      "type": "Fiber"
    },
    {
      "uid": "fiber (Tallahassee \u2192 Tampa)",
      "metadata": {
        "length": 394.094,
        "units": "km",
        "location": {
          "latitude": 29.2099994,
          "longitude": -83.38000174999999
        }
      },
      "type": "Fiber"
    }
  ],
  "connections": [
    {
      "from_node": "Abilene",
      "to_node": "fiber (Abilene \u2192 Dallas)"
    },
    {
      "from_node": "fiber (Abilene \u2192 Dallas)",
      "to_node": "Abilene"
    },
    {
      "from_node": "Abilene",
      "to_node": "fiber (Abilene \u2192 El_Paso)"
    },
    {
      "from_node": "fiber (Abilene \u2192 El_Paso)",
      "to_node": "Abilene"
    },
    {
      "from_node": "Albany",
      "to_node": "fiber (Albany \u2192 Boston)"
    },
    {
      "from_node": "fiber (Albany \u2192 Boston)",
      "to_node": "Albany"
    },
    {
      "from_node": "Albany",
      "to_node": "fiber (Albany \u2192 Syracuse)"
    },
    {
      "from_node": "fiber (Albany \u2192 Syracuse)",
      "to_node": "Albany"
    },
    {
      "from_node": "Albuquerque",
      "to_node": "fiber (Albuquerque \u2192 Dallas)"
    },
    {
      "from_node": "fiber (Albuquerque \u2192 Dallas)",
      "to_node": "Albuquerque"
    },
    {
      "from_node": "Albuquerque",
      "to_node": "fiber (Albuquerque \u2192 Denver)"
    },
    {
      "from_node": "fiber (Albuquerque \u2192 Denver)",
      "to_node": "Albuquerque"
    },
    {
      "from_node": "Albuquerque",
      "to_node": "fiber (Albuquerque \u2192 El_Paso)"
    },
    {
      "from_node": "fiber (Albuquerque \u2192 El_Paso)",
      "to_node": "Albuquerque"
    },
    {
      "from_node": "Albuquerque",
      "to_node": "fiber (Albuquerque \u2192 Las_Vegas)"
    },
    {
      "from_node": "fiber (Albuquerque \u2192 Las_Vegas)",
      "to_node": "Albuquerque"
    },
    {
      "from_node": "Atlanta",
      "to_node": "fiber (Atlanta \u2192 Birmingham)"
    },
    {
      "from_node": "fiber (Atlanta \u2192 Birmingham)",
      "to_node": "Atlanta"
    },
    {
      "from_node": "Atlanta",
      "to_node": "fiber (Atlanta \u2192 Charlotte)"
    },
    {
      "from_node": "fiber (Atlanta \u2192 Charlotte)",
      "to_node": "Atlanta"
    },
    {
      "from_node": "Atlanta",
      "to_node": "fiber (Atlanta \u2192 Jacksonville)"
    },
    {
      "from_node": "fiber (Atlanta \u2192 Jacksonville)",
      "to_node": "Atlanta"
    },
    {
      "from_node": "Austin",
      "to_node": "fiber (Austin \u2192 Houston)"
    },
    {
      "from_node": "fiber (Austin \u2192 Houston)",
      "to_node": "Austin"
    },
    {
      "from_node": "Austin",
      "to_node": "fiber (Austin \u2192 San_Antonio)"
    },
    {
      "from_node": "fiber (Austin \u2192 San_Antonio)",
      "to_node": "Austin"
    },
    {
      "from_node": "Baltimore",
      "to_node": "fiber (Baltimore \u2192 Philadelphia)"
    },
    {
      "from_node": "fiber (Baltimore \u2192 Philadelphia)",
      "to_node": "Baltimore"
    },
    {
      "from_node": "Baltimore",
      "to_node": "fiber (Baltimore \u2192 Pittsburgh)"
    },
    {
      "from_node": "fiber (Baltimore \u2192 Pittsburgh)",
      "to_node": "Baltimore"
    },
    {
      "from_node": "Baltimore",
      "to_node": "fiber (Baltimore \u2192 Washington_DC)"
    },
    {
      "from_node": "fiber (Baltimore \u2192 Washington_DC)",
      "to_node": "Baltimore"
    },
    {
      "from_node": "Baton_Rouge",
      "to_node": "fiber (Baton_Rouge \u2192 Houston)"
    },
    {
      "from_node": "fiber (Baton_Rouge \u2192 Houston)",
      "to_node": "Baton_Rouge"
    },
    {
      "from_node": "Baton_Rouge",
      "to_node": "fiber (Baton_Rouge \u2192 New_Orleans)"
    },
    {
      "from_node": "fiber (Baton_Rouge \u2192 New_Orleans)",
      "to_node": "Baton_Rouge"
    },
    {
      "from_node": "Billings",
      "to_node": "fiber (Billings \u2192 Bismarck)"
    },
    {
      "from_node": "fiber (Billings \u2192 Bismarck)",
      "to_node": "Billings"
    },
    {
      "from_node": "Billings",
      "to_node": "fiber (Billings \u2192 Denver)"
    },
    {
      "from_node": "fiber (Billings \u2192 Denver)",
      "to_node": "Billings"
    },
    {
      "from_node": "Billings",
      "to_node": "fiber (Billings \u2192 Spokane)"
    },
    {
      "from_node": "fiber (Billings \u2192 Spokane)",
      "to_node": "Billings"
    },
    {
      "from_node": "Birmingham",
      "to_node": "fiber (Birmingham \u2192 Nashville)"
    },
    {
      "from_node": "fiber (Birmingham \u2192 Nashville)",
      "to_node": "Birmingham"
    },
    {
      "from_node": "Birmingham",
      "to_node": "fiber (Birmingham \u2192 New_Orleans)"
    },
    {
      "from_node": "fiber (Birmingham \u2192 New_Orleans)",
      "to_node": "Birmingham"
    },
    {
      "from_node": "Bismarck",
      "to_node": "fiber (Bismarck \u2192 Minneapolis)"
    },
    {
      "from_node": "fiber (Bismarck \u2192 Minneapolis)",
      "to_node": "Bismarck"
    },
    {
      "from_node": "Boston",
      "to_node": "fiber (Boston \u2192 Providence)"
    },
    {
      "from_node": "fiber (Boston \u2192 Providence)",
      "to_node": "Boston"
    },
    {
      "from_node": "Buffalo",
      "to_node": "fiber (Buffalo \u2192 Cleveland)"
    },
    {
      "from_node": "fiber (Buffalo \u2192 Cleveland)",
      "to_node": "Buffalo"
    },
    {
      "from_node": "Buffalo",
      "to_node": "fiber (Buffalo \u2192 Rochester)"
    },
    {
      "from_node": "fiber (Buffalo \u2192 Rochester)",
      "to_node": "Buffalo"
    },
    {
      "from_node": "Charleston",
      "to_node": "fiber (Charleston \u2192 Jacksonville)"
    },
    {
      "from_node": "fiber (Charleston \u2192 Jacksonville)",
      "to_node": "Charleston"
    },
    {
      "from_node": "Charleston",
      "to_node": "fiber (Charleston \u2192 Raleigh)"
    },
    {
      "from_node": "fiber (Charleston \u2192 Raleigh)",
      "to_node": "Charleston"
    },
    {
      "from_node": "Charlotte",
      "to_node": "fiber (Charlotte \u2192 Greensboro)"
    },
    {
      "from_node": "fiber (Charlotte \u2192 Greensboro)",
      "to_node": "Charlotte"
    },
    {
      "from_node": "Chicago",
      "to_node": "fiber (Chicago \u2192 Detroit)"
    },
    {
      "from_node": "fiber (Chicago \u2192 Detroit)",
      "to_node": "Chicago"
    },
    {
      "from_node": "Chicago",
      "to_node": "fiber (Chicago \u2192 Milwaukee)"
    },
    {
      "from_node": "fiber (Chicago \u2192 Milwaukee)",
      "to_node": "Chicago"
    },
    {
      "from_node": "Chicago",
      "to_node": "fiber (Chicago \u2192 Springfield)"
    },
    {
      "from_node": "fiber (Chicago \u2192 Springfield)",
      "to_node": "Chicago"
    },
    {
      "from_node": "Cincinnati",
      "to_node": "fiber (Cincinnati \u2192 Columbus)"
    },
    {
      "from_node": "fiber (Cincinnati \u2192 Columbus)",
      "to_node": "Cincinnati"
    },
    {
      "from_node": "Cincinnati",
      "to_node": "fiber (Cincinnati \u2192 Louisville)"
    },
    {
      "from_node": "fiber (Cincinnati \u2192 Louisville)",
      "to_node": "Cincinnati"
    },
    {
      "from_node": "Cincinnati",
      "to_node": "fiber (Cincinnati \u2192 Washington_DC)"
    },
    {
      "from_node": "fiber (Cincinnati \u2192 Washington_DC)",
      "to_node": "Cincinnati"
    },
    {
      "from_node": "Cleveland",
      "to_node": "fiber (Cleveland \u2192 Columbus)"
    },
    {
      "from_node": "fiber (Cleveland \u2192 Columbus)",
      "to_node": "Cleveland"
    },
    {
      "from_node": "Cleveland",
      "to_node": "fiber (Cleveland \u2192 Toledo)"
    },
    {
      "from_node": "fiber (Cleveland \u2192 Toledo)",
      "to_node": "Cleveland"
    },
    {
      "from_node": "Columbus",
      "to_node": "fiber (Columbus \u2192 Pittsburgh)"
    },
    {
      "from_node": "fiber (Columbus \u2192 Pittsburgh)",
      "to_node": "Columbus"
    },
    {
      "from_node": "Dallas",
      "to_node": "fiber (Dallas \u2192 Houston)"
    },
    {
      "from_node": "fiber (Dallas \u2192 Houston)",
      "to_node": "Dallas"
    },
    {
      "from_node": "Dallas",
      "to_node": "fiber (Dallas \u2192 Little_Rock)"
    },
    {
      "from_node": "fiber (Dallas \u2192 Little_Rock)",
      "to_node": "Dallas"
    },
    {
      "from_node": "Dallas",
      "to_node": "fiber (Dallas \u2192 Oklahoma_City)"
    },
    {
      "from_node": "fiber (Dallas \u2192 Oklahoma_City)",
      "to_node": "Dallas"
    },
    {
      "from_node": "Denver",
      "to_node": "fiber (Denver \u2192 Omaha)"
    },
    {
      "from_node": "fiber (Denver \u2192 Omaha)",
      "to_node": "Denver"
    },
    {
      "from_node": "Denver",
      "to_node": "fiber (Denver \u2192 Salt_Lake_City)"
    },
    {
      "from_node": "fiber (Denver \u2192 Salt_Lake_City)",
      "to_node": "Denver"
    },
    {
      "from_node": "Detroit",
      "to_node": "fiber (Detroit \u2192 Toledo)"
    },
    {
      "from_node": "fiber (Detroit \u2192 Toledo)",
      "to_node": "Detroit"
    },
    {
      "from_node": "El_Paso",
      "to_node": "fiber (El_Paso \u2192 San_Antonio)"
    },
    {
      "from_node": "fiber (El_Paso \u2192 San_Antonio)",
      "to_node": "El_Paso"
    },
    {
      "from_node": "El_Paso",
      "to_node": "fiber (El_Paso \u2192 Tucson)"
    },
    {
      "from_node": "fiber (El_Paso \u2192 Tucson)",
      "to_node": "El_Paso"
    },
    {
      "from_node": "Fresno",
      "to_node": "fiber (Fresno \u2192 Las_Vegas)"
    },
    {
      "from_node": "fiber (Fresno \u2192 Las_Vegas)",
      "to_node": "Fresno"
    },
    {
      "from_node": "Fresno",
      "to_node": "fiber (Fresno \u2192 Los_Angeles)"
    },
    {
      "from_node": "fiber (Fresno \u2192 Los_Angeles)",
      "to_node": "Fresno"
    },
    {
      "from_node": "Fresno",
      "to_node": "fiber (Fresno \u2192 Oakland)"
    },
    {
      "from_node": "fiber (Fresno \u2192 Oakland)",
      "to_node": "Fresno"
    },
    {
      "from_node": "Greensboro",
      "to_node": "fiber (Greensboro \u2192 Louisville)"
    },
    {
      "from_node": "fiber (Greensboro \u2192 Louisville)",
      "to_node": "Greensboro"
    },
    {
      "from_node": "Greensboro",
      "to_node": "fiber (Greensboro \u2192 Raleigh)"
    },
    {
      "from_node": "fiber (Greensboro \u2192 Raleigh)",
      "to_node": "Greensboro"
    },
    {
      "from_node": "Greensboro",
      "to_node": "fiber (Greensboro \u2192 Richmond)"
    },
    {
      "from_node": "fiber (Greensboro \u2192 Richmond)",
      "to_node": "Greensboro"
    },
    {
      "from_node": "Hartford",
      "to_node": "fiber (Hartford \u2192 Long_Island)"
    },
    {
      "from_node": "fiber (Hartford \u2192 Long_Island)",
      "to_node": "Hartford"
    },
    {
      "from_node": "Hartford",
      "to_node": "fiber (Hartford \u2192 Providence)"
    },
    {
      "from_node": "fiber (Hartford \u2192 Providence)",
      "to_node": "Hartford"
    },
    {
      "from_node": "Jacksonville",
      "to_node": "fiber (Jacksonville \u2192 Orlando)"
    },
    {
      "from_node": "fiber (Jacksonville \u2192 Orlando)",
      "to_node": "Jacksonville"
    },
    {
      "from_node": "Kansas_City",
      "to_node": "fiber (Kansas_City \u2192 Omaha)"
    },
    {
      "from_node": "fiber (Kansas_City \u2192 Omaha)",
      "to_node": "Kansas_City"
    },
    {
      "from_node": "Kansas_City",
      "to_node": "fiber (Kansas_City \u2192 St_Louis)"
    },
    {
      "from_node": "fiber (Kansas_City \u2192 St_Louis)",
      "to_node": "Kansas_City"
    },
    {
      "from_node": "Kansas_City",
      "to_node": "fiber (Kansas_City \u2192 Tulsa)"
    },
    {
      "from_node": "fiber (Kansas_City \u2192 Tulsa)",
      "to_node": "Kansas_City"
    },
    {
      "from_node": "Las_Vegas",
      "to_node": "fiber (Las_Vegas \u2192 Phoenix)"
    },
    {
      "from_node": "fiber (Las_Vegas \u2192 Phoenix)",
      "to_node": "Las_Vegas"
    },
    {
      "from_node": "Las_Vegas",
      "to_node": "fiber (Las_Vegas \u2192 Salt_Lake_City)"
    },
    {
      "from_node": "fiber (Las_Vegas \u2192 Salt_Lake_City)",
      "to_node": "Las_Vegas"
    },
    {
      "from_node": "Little_Rock",
      "to_node": "fiber (Little_Rock \u2192 Memphis)"
    },
    {
      "from_node": "fiber (Little_Rock \u2192 Memphis)",
      "to_node": "Little_Rock"
    },
    {
      "from_node": "Long_Island",
      "to_node": "fiber (Long_Island \u2192 New_York)"
    },
    {
      "from_node": "fiber (Long_Island \u2192 New_York)",
      "to_node": "Long_Island"
    },
    {
      "from_node": "Los_Angeles",
      "to_node": "fiber (Los_Angeles \u2192 San_Diego)"
    },
    {
      "from_node": "fiber (Los_Angeles \u2192 San_Diego)",
      "to_node": "Los_Angeles"
    },
    {
      "from_node": "Los_Angeles",
      "to_node": "fiber (Los_Angeles \u2192 Santa_Barbara)"
    },
    {
      "from_node": "fiber (Los_Angeles \u2192 Santa_Barbara)",
      "to_node": "Los_Angeles"
    },
    {
      "from_node": "Louisville",
      "to_node": "fiber (Louisville \u2192 Nashville)"
    },
    {
      "from_node": "fiber (Louisville \u2192 Nashville)",
      "to_node": "Louisville"
    },
    {
      "from_node": "Louisville",
      "to_node": "fiber (Louisville \u2192 St_Louis)"
    },
    {
      "from_node": "fiber (Louisville \u2192 St_Louis)",
      "to_node": "Louisville"
    },
    {
      "from_node": "Memphis",
      "to_node": "fiber (Memphis \u2192 Nashville)"
    },
    {
      "from_node": "fiber (Memphis \u2192 Nashville)",
      "to_node": "Memphis"
    },
    {
      "from_node": "Miami",
      "to_node": "fiber (Miami \u2192 Tampa)"
    },
    {
      "from_node": "fiber (Miami \u2192 Tampa)",
      "to_node": "Miami"
    },
    {
      "from_node": "Miami",
      "to_node": "fiber (Miami \u2192 West_Palm_Beach)"
    },
    {
      "from_node": "fiber (Miami \u2192 West_Palm_Beach)",
      "to_node": "Miami"
    },
    {
      "from_node": "Milwaukee",
      "to_node": "fiber (Milwaukee \u2192 Minneapolis)"
    },
    {
      "from_node": "fiber (Milwaukee \u2192 Minneapolis)",
      "to_node": "Milwaukee"
    },
    {
      "from_node": "Minneapolis",
      "to_node": "fiber (Minneapolis \u2192 Omaha)"
    },
    {
      "from_node": "fiber (Minneapolis \u2192 Omaha)",
      "to_node": "Minneapolis"
    },
    {
      "from_node": "New_Orleans",
      "to_node": "fiber (New_Orleans \u2192 Tallahassee)"
    },
    {
      "from_node": "fiber (New_Orleans \u2192 Tallahassee)",
      "to_node": "New_Orleans"
    },
    {
      "from_node": "New_York",
      "to_node": "fiber (New_York \u2192 Newark)"
    },
    {
      "from_node": "fiber (New_York \u2192 Newark)",
      "to_node": "New_York"
    },
    {
      "from_node": "New_York",
      "to_node": "fiber (New_York \u2192 Scranton)"
    },
    {
      "from_node": "fiber (New_York \u2192 Scranton)",
      "to_node": "New_York"
    },
    {
      "from_node": "New_York",
      "to_node": "fiber (New_York \u2192 Wilmington)"
    },
    {
      "from_node": "fiber (New_York \u2192 Wilmington)",
      "to_node": "New_York"
    },
    {
      "from_node": "Newark",
      "to_node": "fiber (Newark \u2192 Philadelphia)"
    },
    {
      "from_node": "fiber (Newark \u2192 Philadelphia)",
      "to_node": "Newark"
    },
    {
      "from_node": "Norfolk",
      "to_node": "fiber (Norfolk \u2192 Raleigh)"
    },
    {
      "from_node": "fiber (Norfolk \u2192 Raleigh)",
      "to_node": "Norfolk"
    },
    {
      "from_node": "Norfolk",
      "to_node": "fiber (Norfolk \u2192 Wilmington)"
    },
    {
      "from_node": "fiber (Norfolk \u2192 Wilmington)",
      "to_node": "Norfolk"
    },
    {
      "from_node": "Oakland",
      "to_node": "fiber (Oakland \u2192 Sacramento)"
    },
    {
      "from_node": "fiber (Oakland \u2192 Sacramento)",
      "to_node": "Oakland"
    },
    {
      "from_node": "Oakland",
      "to_node": "fiber (Oakland \u2192 Salt_Lake_City)"
    },
    {
      "from_node": "fiber (Oakland \u2192 Salt_Lake_City)",
      "to_node": "Oakland"
    },
    {
      "from_node": "Oakland",
      "to_node": "fiber (Oakland \u2192 San_Francisco)"
    },
    {
      "from_node": "fiber (Oakland \u2192 San_Francisco)",
      "to_node": "Oakland"
    },
    {
      "from_node": "Oklahoma_City",
      "to_node": "fiber (Oklahoma_City \u2192 Tulsa)"
    },
    {
      "from_node": "fiber (Oklahoma_City \u2192 Tulsa)",
      "to_node": "Oklahoma_City"
    },
    {
      "from_node": "Orlando",
      "to_node": "fiber (Orlando \u2192 West_Palm_Beach)"
    },
    {
      "from_node": "fiber (Orlando \u2192 West_Palm_Beach)",
      "to_node": "Orlando"
    },
    {
      "from_node": "Philadelphia",
      "to_node": "fiber (Philadelphia \u2192 Scranton)"
    },
    {
      "from_node": "fiber (Philadelphia \u2192 Scranton)",
      "to_node": "Philadelphia"
    },
    {
      "from_node": "Phoenix",
      "to_node": "fiber (Phoenix \u2192 San_Diego)"
    },
    {
      "from_node": "fiber (Phoenix \u2192 San_Diego)",
      "to_node": "Phoenix"
    },
    {
      "from_node": "Phoenix",
      "to_node": "fiber (Phoenix \u2192 Tucson)"
    },
    {
      "from_node": "fiber (Phoenix \u2192 Tucson)",
      "to_node": "Phoenix"
    },
    {
      "from_node": "Pittsburgh",
      "to_node": "fiber (Pittsburgh \u2192 Scranton)"
    },
    {
      "from_node": "fiber (Pittsburgh \u2192 Scranton)",
      "to_node": "Pittsburgh"
    },
    {
      "from_node": "Portland",
      "to_node": "fiber (Portland \u2192 Sacramento)"
    },
    {
      "from_node": "fiber (Portland \u2192 Sacramento)",
      "to_node": "Portland"
    },
    {
      "from_node": "Portland",
      "to_node": "fiber (Portland \u2192 Salt_Lake_City)"
    },
    {
      "from_node": "fiber (Portland \u2192 Salt_Lake_City)",
      "to_node": "Portland"
    },
    {
      "from_node": "Portland",
      "to_node": "fiber (Portland \u2192 Seattle)"
    },
    {
      "from_node": "fiber (Portland \u2192 Seattle)",
      "to_node": "Portland"
    },
    {
      "from_node": "Richmond",
      "to_node": "fiber (Richmond \u2192 Washington_DC)"
    },
    {
      "from_node": "fiber (Richmond \u2192 Washington_DC)",
      "to_node": "Richmond"
    },
    {
      "from_node": "Rochester",
      "to_node": "fiber (Rochester \u2192 Syracuse)"
    },
    {
      "from_node": "fiber (Rochester \u2192 Syracuse)",
      "to_node": "Rochester"
    },
    {
      "from_node": "San_Francisco",
      "to_node": "fiber (San_Francisco \u2192 San_Jose)"
    },
    {
      "from_node": "fiber (San_Francisco \u2192 San_Jose)",
      "to_node": "San_Francisco"
    },
    {
      "from_node": "San_Jose",
      "to_node": "fiber (San_Jose \u2192 Santa_Barbara)"
    },
    {
      "from_node": "fiber (San_Jose \u2192 Santa_Barbara)",
      "to_node": "San_Jose"
    },
    {
      "from_node": "Scranton",
      "to_node": "fiber (Scranton \u2192 Syracuse)"
    },
    {
      "from_node": "fiber (Scranton \u2192 Syracuse)",
      "to_node": "Scranton"
    },
    {
      "from_node": "Seattle",
      "to_node": "fiber (Seattle \u2192 Spokane)"
    },
    {
      "from_node": "fiber (Seattle \u2192 Spokane)",
      "to_node": "Seattle"
    },
    {
      "from_node": "Springfield",
      "to_node": "fiber (Springfield \u2192 St_Louis)"
    },
    {
      "from_node": "fiber (Springfield \u2192 St_Louis)",
      "to_node": "Springfield"
    },
    {
      "from_node": "Tallahassee",
      "to_node": "fiber (Tallahassee \u2192 Tampa)"
    },
    {
      "from_node": "fiber (Tallahassee \u2192 Tampa)",
      "to_node": "Tallahassee"
    },
    {
      "from_node": "fiber (Abilene \u2192 Dallas)",
      "to_node": "Dallas"
    },
    {
      "from_node": "Dallas",
      "to_node": "fiber (Abilene \u2192 Dallas)"
    },
    {
      "from_node": "fiber (Abilene \u2192 El_Paso)",
      "to_node": "El_Paso"
    },
    {
      "from_node": "El_Paso",
      "to_node": "fiber (Abilene \u2192 El_Paso)"
    },
    {
      "from_node": "fiber (Albany \u2192 Boston)",
      "to_node": "Boston"
    },
    {
      "from_node": "Boston",
      "to_node": "fiber (Albany \u2192 Boston)"
    },
    {
      "from_node": "fiber (Albany \u2192 Syracuse)",
      "to_node": "Syracuse"
    },
    {
      "from_node": "Syracuse",
      "to_node": "fiber (Albany \u2192 Syracuse)"
    },
    {
      "from_node": "fiber (Albuquerque \u2192 Dallas)",
      "to_node": "Dallas"
    },
    {
      "from_node": "Dallas",
      "to_node": "fiber (Albuquerque \u2192 Dallas)"
    },
    {
      "from_node": "fiber (Albuquerque \u2192 Denver)",
      "to_node": "Denver"
    },
    {
      "from_node": "Denver",
      "to_node": "fiber (Albuquerque \u2192 Denver)"
    },
    {
      "from_node": "fiber (Albuquerque \u2192 El_Paso)",
      "to_node": "El_Paso"
    },
    {
      "from_node": "El_Paso",
      "to_node": "fiber (Albuquerque \u2192 El_Paso)"
    },
    {
      "from_node": "fiber (Albuquerque \u2192 Las_Vegas)",
      "to_node": "Las_Vegas"
    },
    {
      "from_node": "Las_Vegas",
      "to_node": "fiber (Albuquerque \u2192 Las_Vegas)"
    },
    {
      "from_node": "fiber (Atlanta \u2192 Birmingham)",
      "to_node": "Birmingham"
    },
    {
      "from_node": "Birmingham",
      "to_node": "fiber (Atlanta \u2192 Birmingham)"
    },
    {
      "from_node": "fiber (Atlanta \u2192 Charlotte)",
      "to_node": "Charlotte"
    },
    {
      "from_node": "Charlotte",
      "to_node": "fiber (Atlanta \u2192 Charlotte)"
    },
    {
      "from_node": "fiber (Atlanta \u2192 Jacksonville)",
      "to_node": "Jacksonville"
    },
    {
      "from_node": "Jacksonville",
      "to_node": "fiber (Atlanta \u2192 Jacksonville)"
    },
    {
      "from_node": "fiber (Austin \u2192 Houston)",
      "to_node": "Houston"
    },
    {
      "from_node": "Houston",
      "to_node": "fiber (Austin \u2192 Houston)"
    },
    {
      "from_node": "fiber (Austin \u2192 San_Antonio)",
      "to_node": "San_Antonio"
    },
    {
      "from_node": "San_Antonio",
      "to_node": "fiber (Austin \u2192 San_Antonio)"
    },
    {
      "from_node": "fiber (Baltimore \u2192 Philadelphia)",
      "to_node": "Philadelphia"
    },
    {
      "from_node": "Philadelphia",
      "to_node": "fiber (Baltimore \u2192 Philadelphia)"
    },
    {
      "from_node": "fiber (Baltimore \u2192 Pittsburgh)",
      "to_node": "Pittsburgh"
    },
    {
      "from_node": "Pittsburgh",
      "to_node": "fiber (Baltimore \u2192 Pittsburgh)"
    },
    {
      "from_node": "fiber (Baltimore \u2192 Washington_DC)",
      "to_node": "Washington_DC"
    },
    {
      "from_node": "Washington_DC",
      "to_node": "fiber (Baltimore \u2192 Washington_DC)"
    },
    {
      "from_node": "fiber (Baton_Rouge \u2192 Houston)",
      "to_node": "Houston"
    },
    {
      "from_node": "Houston",
      "to_node": "fiber (Baton_Rouge \u2192 Houston)"
    },
    {
      "from_node": "fiber (Baton_Rouge \u2192 New_Orleans)",
      "to_node": "New_Orleans"
    },
    {
      "from_node": "New_Orleans",
      "to_node": "fiber (Baton_Rouge \u2192 New_Orleans)"
    },
    {
      "from_node": "fiber (Billings \u2192 Bismarck)",
      "to_node": "Bismarck"
    },
    {
      "from_node": "Bismarck",
      "to_node": "fiber (Billings \u2192 Bismarck)"
    },
    {
      "from_node": "fiber (Billings \u2192 Denver)",
      "to_node": "Denver"
    },
    {
      "from_node": "Denver",
      "to_node": "fiber (Billings \u2192 Denver)"
    },
    {
      "from_node": "fiber (Billings \u2192 Spokane)",
      "to_node": "Spokane"
    },
    {
      "from_node": "Spokane",
      "to_node": "fiber (Billings \u2192 Spokane)"
    },
    {
      "from_node": "fiber (Birmingham \u2192 Nashville)",
      "to_node": "Nashville"
    },
    {
      "from_node": "Nashville",
      "to_node": "fiber (Birmingham \u2192 Nashville)"
    },
    {
      "from_node": "fiber (Birmingham \u2192 New_Orleans)",
      "to_node": "New_Orleans"
    },
    {
      "from_node": "New_Orleans",
      "to_node": "fiber (Birmingham \u2192 New_Orleans)"
    },
    {
      "from_node": "fiber (Bismarck \u2192 Minneapolis)",
      "to_node": "Minneapolis"
    },
    {
      "from_node": "Minneapolis",
      "to_node": "fiber (Bismarck \u2192 Minneapolis)"
    },
    {
      "from_node": "fiber (Boston \u2192 Providence)",
      "to_node": "Providence"
    },
    {
      "from_node": "Providence",
      "to_node": "fiber (Boston \u2192 Providence)"
    },
    {
      "from_node": "fiber (Buffalo \u2192 Cleveland)",
      "to_node": "Cleveland"
    },
    {
      "from_node": "Cleveland",
      "to_node": "fiber (Buffalo \u2192 Cleveland)"
    },
    {
      "from_node": "fiber (Buffalo \u2192 Rochester)",
      "to_node": "Rochester"
    },
    {
      "from_node": "Rochester",
      "to_node": "fiber (Buffalo \u2192 Rochester)"
    },
    {
      "from_node": "fiber (Charleston \u2192 Jacksonville)",
      "to_node": "Jacksonville"
    },
    {
      "from_node": "Jacksonville",
      "to_node": "fiber (Charleston \u2192 Jacksonville)"
    },
    {
      "from_node": "fiber (Charleston \u2192 Raleigh)",
      "to_node": "Raleigh"
    },
    {
      "from_node": "Raleigh",
      "to_node": "fiber (Charleston \u2192 Raleigh)"
    },
    {
      "from_node": "fiber (Charlotte \u2192 Greensboro)",
      "to_node": "Greensboro"
    },
    {
      "from_node": "Greensboro",
      "to_node": "fiber (Charlotte \u2192 Greensboro)"
    },
    {
      "from_node": "fiber (Chicago \u2192 Detroit)",
      "to_node": "Detroit"
    },
    {
      "from_node": "Detroit",
      "to_node": "fiber (Chicago \u2192 Detroit)"
    },
    {
      "from_node": "fiber (Chicago \u2192 Milwaukee)",
      "to_node": "Milwaukee"
    },
    {
      "from_node": "Milwaukee",
      "to_node": "fiber (Chicago \u2192 Milwaukee)"
    },
    {
      "from_node": "fiber (Chicago \u2192 Springfield)",
      "to_node": "Springfield"
    },
    {
      "from_node": "Springfield",
      "to_node": "fiber (Chicago \u2192 Springfield)"
    },
    {
      "from_node": "fiber (Cincinnati \u2192 Columbus)",
      "to_node": "Columbus"
    },
    {
      "from_node": "Columbus",
      "to_node": "fiber (Cincinnati \u2192 Columbus)"
    },
    {
      "from_node": "fiber (Cincinnati \u2192 Louisville)",
      "to_node": "Louisville"
    },
    {
      "from_node": "Louisville",
      "to_node": "fiber (Cincinnati \u2192 Louisville)"
    },
    {
      "from_node": "fiber (Cincinnati \u2192 Washington_DC)",
      "to_node": "Washington_DC"
    },
    {
      "from_node": "Washington_DC",
      "to_node": "fiber (Cincinnati \u2192 Washington_DC)"
    },
    {
      "from_node": "fiber (Cleveland \u2192 Columbus)",
      "to_node": "Columbus"
    },
    {
      "from_node": "Columbus",
      "to_node": "fiber (Cleveland \u2192 Columbus)"
    },
    {
      "from_node": "fiber (Cleveland \u2192 Toledo)",
      "to_node": "Toledo"
    },
    {
      "from_node": "Toledo",
      "to_node": "fiber (Cleveland \u2192 Toledo)"
    },
    {
      "from_node": "fiber (Columbus \u2192 Pittsburgh)",
      "to_node": "Pittsburgh"
    },
    {
      "from_node": "Pittsburgh",
      "to_node": "fiber (Columbus \u2192 Pittsburgh)"
    },
    {
      "from_node": "fiber (Dallas \u2192 Houston)",
      "to_node": "Houston"
    },
    {
      "from_node": "Houston",
      "to_node": "fiber (Dallas \u2192 Houston)"
    },
    {
      "from_node": "fiber (Dallas \u2192 Little_Rock)",
      "to_node": "Little_Rock"
    },
    {
      "from_node": "Little_Rock",
      "to_node": "fiber (Dallas \u2192 Little_Rock)"
    },
    {
      "from_node": "fiber (Dallas \u2192 Oklahoma_City)",
      "to_node": "Oklahoma_City"
    },
    {
      "from_node": "Oklahoma_City",
      "to_node": "fiber (Dallas \u2192 Oklahoma_City)"
    },
    {
      "from_node": "fiber (Denver \u2192 Omaha)",
      "to_node": "Omaha"
    },
    {
      "from_node": "Omaha",
      "to_node": "fiber (Denver \u2192 Omaha)"
    },
    {
      "from_node": "fiber (Denver \u2192 Salt_Lake_City)",
      "to_node": "Salt_Lake_City"
    },
    {
      "from_node": "Salt_Lake_City",
      "to_node": "fiber (Denver \u2192 Salt_Lake_City)"
    },
    {
      "from_node": "fiber (Detroit \u2192 Toledo)",
      "to_node": "Toledo"
    },
    {
      "from_node": "Toledo",
      "to_node": "fiber (Detroit \u2192 Toledo)"
    },
    {
      "from_node": "fiber (El_Paso \u2192 San_Antonio)",
      "to_node": "San_Antonio"
    },
    {
      "from_node": "San_Antonio",
      "to_node": "fiber (El_Paso \u2192 San_Antonio)"
    },
    {
      "from_node": "fiber (El_Paso \u2192 Tucson)",
      "to_node": "Tucson"
    },
    {
      "from_node": "Tucson",
      "to_node": "fiber (El_Paso \u2192 Tucson)"
    },
    {
      "from_node": "fiber (Fresno \u2192 Las_Vegas)",
      "to_node": "Las_Vegas"
    },
    {
      "from_node": "Las_Vegas",
      "to_node": "fiber (Fresno \u2192 Las_Vegas)"
    },
    {
      "from_node": "fiber (Fresno \u2192 Los_Angeles)",
      "to_node": "Los_Angeles"
    },
    {
      "from_node": "Los_Angeles",
      "to_node": "fiber (Fresno \u2192 Los_Angeles)"
    },
    {
      "from_node": "fiber (Fresno \u2192 Oakland)",
      "to_node": "Oakland"
    },
    {
      "from_node": "Oakland",
      "to_node": "fiber (Fresno \u2192 Oakland)"
    },
    {
      "from_node": "fiber (Greensboro \u2192 Louisville)",
      "to_node": "Louisville"
    },
    {
      "from_node": "Louisville",
      "to_node": "fiber (Greensboro \u2192 Louisville)"
    },
    {
      "from_node": "fiber (Greensboro \u2192 Raleigh)",
      "to_node": "Raleigh"
    },
    {
      "from_node": "Raleigh",
      "to_node": "fiber (Greensboro \u2192 Raleigh)"
    },
    {
      "from_node": "fiber (Greensboro \u2192 Richmond)",
      "to_node": "Richmond"
    },
    {
      "from_node": "Richmond",
      "to_node": "fiber (Greensboro \u2192 Richmond)"
    },
    {
      "from_node": "fiber (Hartford \u2192 Long_Island)",
      "to_node": "Long_Island"
    },
    {
      "from_node": "Long_Island",
      "to_node": "fiber (Hartford \u2192 Long_Island)"
    },
    {
      "from_node": "fiber (Hartford \u2192 Providence)",
      "to_node": "Providence"
    },
    {
      "from_node": "Providence",
      "to_node": "fiber (Hartford \u2192 Providence)"
    },
    {
      "from_node": "fiber (Jacksonville \u2192 Orlando)",
      "to_node": "Orlando"
    },
    {
      "from_node": "Orlando",
      "to_node": "fiber (Jacksonville \u2192 Orlando)"
    },
    {
      "from_node": "fiber (Kansas_City \u2192 Omaha)",
      "to_node": "Omaha"
    },
    {
      "from_node": "Omaha",
      "to_node": "fiber (Kansas_City \u2192 Omaha)"
    },
    {
      "from_node": "fiber (Kansas_City \u2192 St_Louis)",
      "to_node": "St_Louis"
    },
    {
      "from_node": "St_Louis",
      "to_node": "fiber (Kansas_City \u2192 St_Louis)"
    },
    {
      "from_node": "fiber (Kansas_City \u2192 Tulsa)",
      "to_node": "Tulsa"
    },
    {
      "from_node": "Tulsa",
      "to_node": "fiber (Kansas_City \u2192 Tulsa)"
    },
    {
      "from_node": "fiber (Las_Vegas \u2192 Phoenix)",
      "to_node": "Phoenix"
    },
    {
      "from_node": "Phoenix",
      "to_node": "fiber (Las_Vegas \u2192 Phoenix)"
    },
    {
      "from_node": "fiber (Las_Vegas \u2192 Salt_Lake_City)",
      "to_node": "Salt_Lake_City"
    },
    {
      "from_node": "Salt_Lake_City",
      "to_node": "fiber (Las_Vegas \u2192 Salt_Lake_City)"
    },
    {
      "from_node": "fiber (Little_Rock \u2192 Memphis)",
      "to_node": "Memphis"
    },
    {
      "from_node": "Memphis",
      "to_node": "fiber (Little_Rock \u2192 Memphis)"
    },
    {
      "from_node": "fiber (Long_Island \u2192 New_York)",
      "to_node": "New_York"
    },
    {
      "from_node": "New_York",
      "to_node": "fiber (Long_Island \u2192 New_York)"
    },
    {
      "from_node": "fiber (Los_Angeles \u2192 San_Diego)",
      "to_node": "San_Diego"
    },
    {
      "from_node": "San_Diego",
      "to_node": "fiber (Los_Angeles \u2192 San_Diego)"
    },
    {
      "from_node": "fiber (Los_Angeles \u2192 Santa_Barbara)",
      "to_node": "Santa_Barbara"
    },
    {
      "from_node": "Santa_Barbara",
      "to_node": "fiber (Los_Angeles \u2192 Santa_Barbara)"
    },
    {
      "from_node": "fiber (Louisville \u2192 Nashville)",
      "to_node": "Nashville"
    },
    {
      "from_node": "Nashville",
      "to_node": "fiber (Louisville \u2192 Nashville)"
    },
    {
      "from_node": "fiber (Louisville \u2192 St_Louis)",
      "to_node": "St_Louis"
    },
    {
      "from_node": "St_Louis",
      "to_node": "fiber (Louisville \u2192 St_Louis)"
    },
    {
      "from_node": "fiber (Memphis \u2192 Nashville)",
      "to_node": "Nashville"
    },
    {
      "from_node": "Nashville",
      "to_node": "fiber (Memphis \u2192 Nashville)"
    },
    {
      "from_node": "fiber (Miami \u2192 Tampa)",
      "to_node": "Tampa"
    },
    {
      "from_node": "Tampa",
      "to_node": "fiber (Miami \u2192 Tampa)"
    },
    {
      "from_node": "fiber (Miami \u2192 West_Palm_Beach)",
      "to_node": "West_Palm_Beach"
    },
    {
      "from_node": "West_Palm_Beach",
      "to_node": "fiber (Miami \u2192 West_Palm_Beach)"
    },
    {
      "from_node": "fiber (Milwaukee \u2192 Minneapolis)",
      "to_node": "Minneapolis"
    },
    {
      "from_node": "Minneapolis",
      "to_node": "fiber (Milwaukee \u2192 Minneapolis)"
    },
    {
      "from_node": "fiber (Minneapolis \u2192 Omaha)",
      "to_node": "Omaha"
    },
    {
      "from_node": "Omaha",
      "to_node": "fiber (Minneapolis \u2192 Omaha)"
    },
    {
      "from_node": "fiber (New_Orleans \u2192 Tallahassee)",
      "to_node": "Tallahassee"
    },
    {
      "from_node": "Tallahassee",
      "to_node": "fiber (New_Orleans \u2192 Tallahassee)"
    },
    {
      "from_node": "fiber (New_York \u2192 Newark)",
      "to_node": "Newark"
    },
    {
      "from_node": "Newark",
      "to_node": "fiber (New_York \u2192 Newark)"
    },
    {
      "from_node": "fiber (New_York \u2192 Scranton)",
      "to_node": "Scranton"
    },
    {
      "from_node": "Scranton",
      "to_node": "fiber (New_York \u2192 Scranton)"
    },
    {
      "from_node": "fiber (New_York \u2192 Wilmington)",
      "to_node": "Wilmington"
    },
    {
      "from_node": "Wilmington",
      "to_node": "fiber (New_York \u2192 Wilmington)"
    },
    {
      "from_node": "fiber (Newark \u2192 Philadelphia)",
      "to_node": "Philadelphia"
    },
    {
      "from_node": "Philadelphia",
      "to_node": "fiber (Newark \u2192 Philadelphia)"
    },
    {
      "from_node": "fiber (Norfolk \u2192 Raleigh)",
      "to_node": "Raleigh"
    },
    {
      "from_node": "Raleigh",
      "to_node": "fiber (Norfolk \u2192 Raleigh)"
    },
    {
      "from_node": "fiber (Norfolk \u2192 Wilmington)",
      "to_node": "Wilmington"
    },
    {
      "from_node": "Wilmington",
      "to_node": "fiber (Norfolk \u2192 Wilmington)"
    },
    {
      "from_node": "fiber (Oakland \u2192 Sacramento)",
      "to_node": "Sacramento"
    },
    {
      "from_node": "Sacramento",
      "to_node": "fiber (Oakland \u2192 Sacramento)"
    },
    {
      "from_node": "fiber (Oakland \u2192 Salt_Lake_City)",
      "to_node": "Salt_Lake_City"
    },
    {
      "from_node": "Salt_Lake_City",
      "to_node": "fiber (Oakland \u2192 Salt_Lake_City)"
    },
    {
      "from_node": "fiber (Oakland \u2192 San_Francisco)",
      "to_node": "San_Francisco"
    },
    {
      "from_node": "San_Francisco",
      "to_node": "fiber (Oakland \u2192 San_Francisco)"
    },
    {
      "from_node": "fiber (Oklahoma_City \u2192 Tulsa)",
      "to_node": "Tulsa"
    },
    {
      "from_node": "Tulsa",
      "to_node": "fiber (Oklahoma_City \u2192 Tulsa)"
    },
    {
      "from_node": "fiber (Orlando \u2192 West_Palm_Beach)",
      "to_node": "West_Palm_Beach"
    },
    {
      "from_node": "West_Palm_Beach",
      "to_node": "fiber (Orlando \u2192 West_Palm_Beach)"
    },
    {
      "from_node": "fiber (Philadelphia \u2192 Scranton)",
      "to_node": "Scranton"
    },
    {
      "from_node": "Scranton",
      "to_node": "fiber (Philadelphia \u2192 Scranton)"
    },
    {
      "from_node": "fiber (Phoenix \u2192 San_Diego)",
      "to_node": "San_Diego"
    },
    {
      "from_node": "San_Diego",
      "to_node": "fiber (Phoenix \u2192 San_Diego)"
    },
    {
      "from_node": "fiber (Phoenix \u2192 Tucson)",
      "to_node": "Tucson"
    },
    {
      "from_node": "Tucson",
      "to_node": "fiber (Phoenix \u2192 Tucson)"
    },
    {
      "from_node": "fiber (Pittsburgh \u2192 Scranton)",
      "to_node": "Scranton"
    },
    {
      "from_node": "Scranton",
      "to_node": "fiber (Pittsburgh \u2192 Scranton)"
    },
    {
      "from_node": "fiber (Portland \u2192 Sacramento)",
      "to_node": "Sacramento"
    },
    {
      "from_node": "Sacramento",
      "to_node": "fiber (Portland \u2192 Sacramento)"
    },
    {
      "from_node": "fiber (Portland \u2192 Salt_Lake_City)",
      "to_node": "Salt_Lake_City"
    },
    {
      "from_node": "Salt_Lake_City",
      "to_node": "fiber (Portland \u2192 Salt_Lake_City)"
    },
    {
      "from_node": "fiber (Portland \u2192 Seattle)",
      "to_node": "Seattle"
    },
    {
      "from_node": "Seattle",
      "to_node": "fiber (Portland \u2192 Seattle)"
    },
    {
      "from_node": "fiber (Richmond \u2192 Washington_DC)",
      "to_node": "Washington_DC"
    },
    {
      "from_node": "Washington_DC",
      "to_node": "fiber (Richmond \u2192 Washington_DC)"
    },
    {
      "from_node": "fiber (Rochester \u2192 Syracuse)",
      "to_node": "Syracuse"
    },
    {
      "from_node": "Syracuse",
      "to_node": "fiber (Rochester \u2192 Syracuse)"
    },
    {
      "from_node": "fiber (San_Francisco \u2192 San_Jose)",
      "to_node": "San_Jose"
    },
    {
      "from_node": "San_Jose",
      "to_node": "fiber (San_Francisco \u2192 San_Jose)"
    },
    {
      "from_node": "fiber (San_Jose \u2192 Santa_Barbara)",
      "to_node": "Santa_Barbara"
    },
    {
      "from_node": "Santa_Barbara",
      "to_node": "fiber (San_Jose \u2192 Santa_Barbara)"
    },
    {
      "from_node": "fiber (Scranton \u2192 Syracuse)",
      "to_node": "Syracuse"
    },
    {
      "from_node": "Syracuse",
      "to_node": "fiber (Scranton \u2192 Syracuse)"
    },
    {
      "from_node": "fiber (Seattle \u2192 Spokane)",
      "to_node": "Spokane"
    },
    {
      "from_node": "Spokane",
      "to_node": "fiber (Seattle \u2192 Spokane)"
    },
    {
      "from_node": "fiber (Springfield \u2192 St_Louis)",
      "to_node": "St_Louis"
    },
    {
      "from_node": "St_Louis",
      "to_node": "fiber (Springfield \u2192 St_Louis)"
    },
    {
      "from_node": "fiber (Tallahassee \u2192 Tampa)",
      "to_node": "Tampa"
    },
    {
      "from_node": "Tampa",
      "to_node": "fiber (Tallahassee \u2192 Tampa)"
    }
  ]
}
