{
  "elements": [
    {
      "id": "Abilene",
      "metadata": {
        "city": "Abilene",
        "region": "CONUS",
        "latitude": 32.45,
        "longitude": -99.739998
      },
      "type": "City"
    },
    {
      "id": "Albany",
      "metadata": {
        "city": "Albany",
        "region": "CONUS",
        "latitude": 42.6699982,
        "longitude": -73.8000029
      },
      "type": "City"
    },
    {
      "id": "Albuquerque",
      "metadata": {
        "city": "Albuquerque",
        "region": "CONUS",
        "latitude": 35.119977,
        "longitude": -106.61997
      },
      "type": "City"
    },
    {
      "id": "Atlanta",
      "metadata": {
        "city": "Atlanta",
        "region": "CONUS",
        "latitude": 33.7599982,
        "longitude": -84.4199987
      },
      "type": "City"
    },
    {
      "id": "Austin",
      "metadata": {
        "city": "Austin",
        "region": "CONUS",
        "latitude": 30.3099988,
        "longitude": -97.7500018
      },
      "type": "City"
    },
    {
      "id": "Baltimore",
      "metadata": {
        "city": "Baltimore",
        "region": "CONUS",
        "latitude": 39.2999992,
        "longitude": -76.6100008
      },
      "type": "City"
    },
    {
      "id": "Baton_Rouge",
      "metadata": {
        "city": "Baton_Rouge",
        "region": "CONUS",
        "latitude": 30.4499996,
        "longitude": -91.1299968
      },
      "type": "City"
    },
    {
      "id": "Billings",
      "metadata": {
        "city": "Billings",
        "region": "CONUS",
        "latitude": 45.79000104,
        "longitude": -108.5400006
      },
      "type": "City"
    },
    {
      "id": "Birmingham",
      "metadata": {
        "city": "Birmingham",
        "region": "CONUS",
        "latitude": 33.5299985,
        "longitude": -86.8000029
      },
      "type": "City"
    },
    {
      "id": "Bismarck",
      "metadata": {
        "city": "Bismarck",
        "region": "CONUS",
        "latitude": 46.81000154,
        "longitude": -100.7699965
      },
      "type": "City"
    },
    {
      "id": "Boston",
      "metadata": {
        "city": "Boston",
        "region": "CONUS",
        "latitude": 42.3400005,
        "longitude": -71.0199959
      },
      "type": "City"
    },
    {
      "id": "Buffalo",
      "metadata": {
        "city": "Buffalo",
        "region": "CONUS",
        "latitude": 42.8899993,
        "longitude": -78.860001
      },
      "type": "City"
    },
    {
      "id": "Charleston",
      "metadata": {
        "city": "Charleston",
        "region": "CONUS",
        "latitude": 32.7900008,
        "longitude": -79.9899982
      },
      "type": "City"
    },
    {
      "id": "Charlotte",
      "metadata": {
        "city": "Charlotte",
        "region": "CONUS",
        "latitude": 35.2,
        "longitude": -80.83
      },
      "type": "City"
    },
    {
      "id": "Chicago",
      "metadata": {
        "city": "Chicago",
        "region": "CONUS",
        "latitude": 41.839997,
        "longitude": -87.680001
      },
      "type": "City"
    },
    {
      "id": "Cincinnati",
      "metadata": {
        "city": "Cincinnati",
        "region": "CONUS",
        "latitude": 39.1399991,
        "longitude": -84.5100027
      },
      "type": "City"
    },
    {
      "id": "Cleveland",
      "metadata": {
        "city": "Cleveland",
        "region": "CONUS",
        "latitude": 41.4799992,
        "longitude": -81.6800014
      },
      "type": "City"
    },
    {
      "id": "Columbus",
      "metadata": {
        "city": "Columbus",
        "region": "CONUS",
        "latitude": 39.990002,
        "longitude": -82.989997
      },
      "type": "City"
    },
    {
      "id": "Dallas",
      "metadata": {
        "city": "Dallas",
        "region": "CONUS",
        "latitude": 32.79,
        "longitude": -96.77
      },
      "type": "City"
    },
    {
      "id": "Denver",
      "metadata": {
        "city": "Denver",
        "region": "CONUS",
        "latitude": 39.77000271,
        "longitude": -104.8700036
      },
      "type": "City"
    },
    {
      "id": "Detroit",
      "metadata": {
        "city": "Detroit",
        "region": "CONUS",
        "latitude": 42.3800019,
        "longitude": -83.0999998
      },
      "type": "City"
    },
    {
      "id": "El_Paso",
      "metadata": {
        "city": "El_Paso",
        "region": "CONUS",
        "latitude": 31.84981,
        "longitude": -106.4396
      },
      "type": "City"
    },
    {
      "id": "Fresno",
      "metadata": {
        "city": "Fresno",
        "region": "CONUS",
        "latitude": 36.7800007,
        "longitude": -119.790002
      },
      "type": "City"
    },
    {
      "id": "Greensboro",
      "metadata": {
        "city": "Greensboro",
        "region": "CONUS",
        "latitude": 36.0800024,
        "longitude": -79.8300018
      },
      "type": "City"
    },
    {
      "id": "Hartford",
      "metadata": {
        "city": "Hartford",
        "region": "CONUS",
        "latitude": 41.7700004,
        "longitude": -72.6800003
      },
      "type": "City"
    },
    {
      "id": "Houston",
      "metadata": {
        "city": "Houston",
        "region": "CONUS",
        "latitude": 29.77,
        "longitude": -95.39
      },
      "type": "City"
    },
    {
      "id": "Jacksonville",
      "metadata": {
        "city": "Jacksonville",
        "region": "CONUS",
        "latitude": 30.330003,
        "longitude": -81.660002
      },
      "type": "City"
    },
    {
      "id": "Kansas_City",
      "metadata": {
        "city": "Kansas_City",
        "region": "CONUS",
        "latitude": 39.1199992,
        "longitude": -94.7300038
      },
      "type": "City"
    },
    {
      "id": "Las_Vegas",
      "metadata": {
        "city": "Las_Vegas",
        "region": "CONUS",
        "latitude": 36.20999,
        "longitude": -115.2199
      },
      "type": "City"
    },
    {
      "id": "Little_Rock",
      "metadata": {
        "city": "Little_Rock",
        "region": "CONUS",
        "latitude": 34.72,
        "longitude": -92.35
      },
      "type": "City"
    },
    {
      "id": "Long_Island",
      "metadata": {
        "city": "Long_Island",
        "region": "CONUS",
        "latitude": 40.5899999,
        "longitude": -73.6699993
      },
      "type": "City"
    },
    {
      "id": "Los_Angeles",
      "metadata": {
        "city": "Los_Angeles",
        "region": "CONUS",
        "latitude": 34.110001,
        "longitude": -118.410002
      },
      "type": "City"
    },
    {
      "id": "Louisville",
      "metadata": {
        "city": "Louisville",
        "region": "CONUS",
        "latitude": 38.2200009,
        "longitude": -85.7399979
      },
      "type": "City"
    },
    {
      "id": "Memphis",
      "metadata": {
        "city": "Memphis",
        "region": "CONUS",
        "latitude": 35.110001,
        "longitude": -90.010004
      },
      "type": "City"
    },
    {
      "id": "Miami",
      "metadata": {
        "city": "Miami",
        "region": "CONUS",
        "latitude": 25.7800006,
        "longitude": -80.2099997
      },
      "type": "City"
    },
    {
      "id": "Milwaukee",
      "metadata": {
        "city": "Milwaukee",
        "region": "CONUS",
        "latitude": 43.0600013,
        "longitude": -87.9700005
      },
      "type": "City"
    },
    {
      "id": "Minneapolis",
      "metadata": {
        "city": "Minneapolis",
        "region": "CONUS",
        "latitude": 44.9599988,
        "longitude": -93.2699973
      },
      "type": "City"
    },
    {
      "id": "Nashville",
      "metadata": {
        "city": "Nashville",
        "region": "CONUS",
        "latitude": 36.1699984,
        "longitude": -86.7799989
      },
      "type": "City"
    },
    {
      "id": "New_Orleans",
      "metadata": {
        "city": "New_Orleans",
        "region": "CONUS",
        "latitude": 30.07,
        "longitude": -89.93
      },
      "type": "City"
    },
    {
      "id": "New_York",
      "metadata": {
        "city": "New_York",
        "region": "CONUS",
        "latitude": 40.6699983,
        "longitude": -73.9400035
      },
      "type": "City"
    },
    {
      "id": "Newark",
      "metadata": {
        "city": "Newark",
        "region": "CONUS",
        "latitude": 40.7200012,
        "longitude": -74.1699986
      },
      "type": "City"
    },
    {
      "id": "Norfolk",
      "metadata": {
        "city": "Norfolk",
        "region": "CONUS",
        "latitude": 36.9199982,
        "longitude": -76.2399978
      },
      "type": "City"
    },
    {
      "id": "Oakland",
      "metadata": {
        "city": "Oakland",
        "region": "CONUS",
        "latitude": 37.77000071,
        "longitude": -122.2200016
      },
      "type": "City"
    },
    {
      "id": "Oklahoma_City",
      "metadata": {
        "city": "Oklahoma_City",
        "region": "CONUS",
        "latitude": 35.4700015,
        "longitude": -97.5100028
      },
      "type": "City"
    },
    {
      "id": "Omaha",
      "metadata": {
        "city": "Omaha",
        "region": "CONUS",
        "latitude": 41.2599984,
        "longitude": -96.0100022
      },
      "type": "City"
    },
    {
      "id": "Orlando",
      "metadata": {
        "city": "Orlando",
        "region": "CONUS",
        "latitude": 28.4999994,
        "longitude": -81.370003
      },
      "type": "City"
    },
    {
      "id": "Philadelphia",
      "metadata": {
        "city": "Philadelphia",
        "region": "CONUS",
        "latitude": 40.0099985,
        "longitude": -75.1299964
      },
      "type": "City"
    },
    {
      "id": "Phoenix",
      "metadata": {
        "city": "Phoenix",
        "region": "CONUS",
        "latitude": 33.54000058,
        "longitude": -112.0699996
      },
      "type": "City"
    },
    {
      "id": "Pittsburgh",
      "metadata": {
        "city": "Pittsburgh",
        "region": "CONUS",
        "latitude": 40.3,
        "longitude": -80.13
      },
      "type": "City"
    },
    {
      "id": "Portland",
      "metadata": {
        "city": "Portland",
        "region": "CONUS",
        "latitude": 45.54000072,
        "longitude": -122.6600035
      },
      "type": "City"
    },
    {
      "id": "Providence",
      "metadata": {
        "city": "Providence",
        "region": "CONUS",
        "latitude": 41.82,
        "longitude": -71.42
      },
      "type": "City"
    },
    {
      "id": "Raleigh",
      "metadata": {
        "city": "Raleigh",
        "region": "CONUS",
        "latitude": 35.8199995,
        "longitude": -78.6600034
      },
      "type": "City"
    },
    {
      "id": "Richmond",
      "metadata": {
        "city": "Richmond",
        "region": "CONUS",
        "latitude": 37.5299986,
        "longitude": -77.4700015
      },
      "type": "City"
    },
    {
      "id": "Rochester",
      "metadata": {
        "city": "Rochester",
        "region": "CONUS",
        "latitude": 43.1699985,
        "longitude": -77.620003
      },
      "type": "City"
    },
    {
      "id": "Sacramento",
      "metadata": {
        "city": "Sacramento",
        "region": "CONUS",
        "latitude": 38.56999946,
        "longitude": -121.4700016
      },
      "type": "City"
    },
    {
      "id": "Salt_Lake_City",
      "metadata": {
        "city": "Salt_Lake_City",
        "region": "CONUS",
        "latitude": 40.77999863,
        "longitude": -111.9300007
      },
      "type": "City"
    },
    {
      "id": "San_Antonio",
      "metadata": {
        "city": "San_Antonio",
        "region": "CONUS",
        "latitude": 29.459997,
        "longitude": -98.510002
      },
      "type": "City"
    },
    {
      "id": "San_Diego",
      "metadata": {
        "city": "San_Diego",
        "region": "CONUS",
        "latitude": 32.8100017,
        "longitude": -117.139999
      },
      "type": "City"
    },
    {
      "id": "San_Francisco",
      "metadata": {
        "city": "San_Francisco",
        "region": "CONUS",
        "latitude": 37.65999942,
        "longitude": -122.4199987
      },
      "type": "City"
    },
    {
      "id": "San_Jose",
      "metadata": {
        "city": "San_Jose",
        "region": "CONUS",
        "latitude": 37.29999947,
        "longitude": -121.8499985
      },
      "type": "City"
    },
    {
      "id": "Santa_Barbara",
      "metadata": {
        "city": "Santa_Barbara",
        "region": "CONUS",
        "latitude": 34.43000021,
        "longitude": -119.7200014
      },
      "type": "City"
    },
    {
      "id": "Scranton",
      "metadata": {
        "city": "Scranton",
        "region": "CONUS",
        "latitude": 41.4,
        "longitude": -75.67
      },
      "type": "City"
    },
    {
      "id": "Seattle",
      "metadata": {
        "city": "Seattle",
        "region": "CONUS",
        "latitude": 47.61999916,
        "longitude": -122.3499985
      },
      "type": "City"
    },
    {
      "id": "Spokane",
      "metadata": {
        "city": "Spokane",
        "region": "CONUS",
        "latitude": 47.66999805,
        "longitude": -117.4100038
      },
      "type": "City"
    },
    {
      "id": "Springfield",
      "metadata": {
        "city": "Springfield",
        "region": "CONUS",
        "latitude": 39.5,
        "longitude": -89.4
      },
      "type": "City"
    },
    {
      "id": "St_Louis",
      "metadata": {
        "city": "St_Louis",
        "region": "CONUS",
        "latitude": 38.64,
        "longitude": -90.24
      },
      "type": "City"
    },
    {
      "id": "Syracuse",
      "metadata": {
        "city": "Syracuse",
        "region": "CONUS",
        "latitude": 43.040001,
        "longitude": -76.1399993
      },
      "type": "City"
    },
    {
      "id": "Tallahassee",
      "metadata": {
        "city": "Tallahassee",
        "region": "CONUS",
        "latitude": 30.46,
        "longitude": -84.28
      },
      "type": "City"
    },
    {
      "id": "Tampa",
      "metadata": {
        "city": "Tampa",
        "region": "CONUS",
        "latitude": 27.9599988,
        "longitude": -82.4800035
      },
      "type": "City"
    },
    {
      "id": "Toledo",
      "metadata": {
        "city": "Toledo",
        "region": "CONUS",
        "latitude": 41.659997,
        "longitude": -83.58
      },
      "type": "City"
    },
    {
      "id": "Tucson",
      "metadata": {
        "city": "Tucson",
        "region": "CONUS",
        "latitude": 32.2,
        "longitude": -110.89
      },
      "type": "City"
    },
    {
      "id": "Tulsa",
      "metadata": {
        "city": "Tulsa",
        "region": "CONUS",
        "latitude": 36.13,
        "longitude": -95.92
      },
      "type": "City"
    },
    {
      "id": "Washington_DC",
      "metadata": {
        "city": "Washington_DC",
        "region": "CONUS",
        "latitude": 38.9100003,
        "longitude": -77.0199965
      },
      "type": "City"
    },
    {
      "id": "West_Palm_Beach",
      "metadata": {
        "city": "West_Palm_Beach",
        "region": "CONUS",
        "latitude": 26.7499997,
        "longitude": -80.1299975
      },
      "type": "City"
    },
    {
      "id": "Wilmington",
      "metadata": {
        "city": "Wilmington",
        "region": "CONUS",
        "latitude": 39.7400018,
        "longitude": -75.5299989
      },
      "type": "City"
    },
    {
      "id": "Amsterdam",
      "metadata": {
        "city": "Amsterdam",
        "region": "Europe",
        "latitude": 52.3699996,
        "longitude": 4.88999915
      },
      "type": "City"
    },
    {
      "id": "Berlin",
      "metadata": {
        "city": "Berlin",
        "region": "Europe",
        "latitude": 52.520002,
        "longitude": 13.379995
      },
      "type": "City"
    },
    {
      "id": "Brussels",
      "metadata": {
        "city": "Brussels",
        "region": "Europe",
        "latitude": 50.830002,
        "longitude": 4.330002
      },
      "type": "City"
    },
    {
      "id": "Bucharest",
      "metadata": {
        "city": "Bucharest",
        "region": "Europe",
        "latitude": 44.44,
        "longitude": 26.1
      },
      "type": "City"
    },
    {
      "id": "Frankfurt",
      "metadata": {
        "city": "Frankfurt",
        "region": "Europe",
        "latitude": 50.1199992,
        "longitude": 8.68000104
      },
      "type": "City"
    },
    {
      "id": "Istanbul",
      "metadata": {
        "city": "Istanbul",
        "region": "Europe",
        "latitude": 41.1,
        "longitude": 29.0
      },
      "type": "City"
    },
    {
      "id": "London",
      "metadata": {
        "city": "London",
        "region": "Europe",
        "latitude": 51.5200005,
        "longitude": -0.100000296
      },
      "type": "City"
    },
    {
      "id": "Madrid",
      "metadata": {
        "city": "Madrid",
        "region": "Europe",
        "latitude": 40.419998,
        "longitude": -3.7100002
      },
      "type": "City"
    },
    {
      "id": "Paris",
      "metadata": {
        "city": "Paris",
        "region": "Europe",
        "latitude": 48.86,
        "longitude": 2.3399995
      },
      "type": "City"
    },
    {
      "id": "Rome",
      "metadata": {
        "city": "Rome",
        "region": "Europe",
        "latitude": 41.8899996,
        "longitude": 12.5000004
      },
      "type": "City"
    },
    {
      "id": "Vienna",
      "metadata": {
        "city": "Vienna",
        "region": "Europe",
        "latitude": 48.2200024,
        "longitude": 16.3700005
      },
      "type": "City"
    },
    {
      "id": "Warsaw",
      "metadata": {
        "city": "Warsaw",
        "region": "Europe",
        "latitude": 52.2599987,
        "longitude": 21.0200005
      },
      "type": "City"
    },
    {
      "id": "Zurich",
      "metadata": {
        "city": "Zurich",
        "region": "Europe",
        "latitude": 47.3800015,
        "longitude": 8.5399996
      },
      "type": "City"
    },
    {
      "id": "Bangkok",
      "metadata": {
        "city": "Bangkok",
        "region": "Asia",
        "latitude": 13.73,
        "longitude": 100.5
      },
      "type": "City"
    },
    {
      "id": "Beijing",
      "metadata": {
        "city": "Beijing",
        "region": "Asia",
        "latitude": 39.92999979,
        "longitude": 116.4000013
      },
      "type": "City"
    },
    {
      "id": "Delhi",
      "metadata": {
        "city": "Delhi",
        "region": "Asia",
        "latitude": 28.6700003,
        "longitude": 77.2099989
      },
      "type": "City"
    },
    {
      "id": "Hong_Kong",
      "metadata": {
        "city": "Hong_Kong",
        "region": "Asia",
        "latitude": 22.267,
        "longitude": 114.14
      },
      "type": "City"
    },
    {
      "id": "Honolulu",
      "metadata": {
        "city": "Honolulu",
        "region": "Asia",
        "latitude": 21.3199996,
        "longitude": -157.800003
      },
      "type": "City"
    },
    {
      "id": "Mumbai",
      "metadata": {
        "city": "Mumbai",
        "region": "Asia",
        "latitude": 18.9599987,
        "longitude": 72.8199999
      },
      "type": "City"
    },
    {
      "id": "Seoul",
      "metadata": {
        "city": "Seoul",
        "region": "Asia",
        "latitude": 37.56000108,
        "longitude": 126.9899988
      },
      "type": "City"
    },
    {
      "id": "Shanghai",
      "metadata": {
        "city": "Shanghai",
        "region": "Asia",
        "latitude": 31.23,
        "longitude": 121.47
      },
      "type": "City"
    },
    {
      "id": "Singapore",
      "metadata": {
        "city": "Singapore",
        "region": "Asia",
        "latitude": 1.299999907,
        "longitude": 103.8499992
      },
      "type": "City"
    },
    {
      "id": "Sydney",
      "metadata": {
        "city": "Sydney",
        "region": "Asia",
        "latitude": -33.86999896,
        "longitude": 151.2100066
      },
      "type": "City"
    },
    {
      "id": "Taipei",
      "metadata": {
        "city": "Taipei",
        "region": "Asia",
        "latitude": 25.0200005,
        "longitude": 121.449997
      },
      "type": "City"
    },
    {
      "id": "Tokyo",
      "metadata": {
        "city": "Tokyo",
        "region": "Asia",
        "latitude": 35.6699986,
        "longitude": 139.770004
      },
      "type": "City"
    },
    {
      "id": "fiber (Abilene \u2192 Dallas)",
      "metadata": {
        "length": 336.950933442355,
        "units": "km",
        "latitude": 32.620000000000005,
        "longitude": -98.254999
      },
      "type": "Fiber"
    },
    {
      "id": "fiber (Abilene \u2192 El_Paso)",
      "metadata": {
        "length": 761.2090776328612,
        "units": "km",
        "latitude": 32.149905000000004,
        "longitude": -103.089799
      },
      "type": "Fiber"
    },
    {
      "id": "fiber (Albany \u2192 Boston)",
      "metadata": {
        "length": 277.0649612527358,
        "units": "km",
        "latitude": 42.504999350000006,
        "longitude": -72.4099994
      },
      "type": "Fiber"
    },
    {
      "id": "fiber (Albany \u2192 Syracuse)",
      "metadata": {
        "length": 234.2212200660136,
        "units": "km",
        "latitude": 42.8549996,
        "longitude": -74.97000109999999
      },
      "type": "Fiber"
    },
    {
      "id": "fiber (Albuquerque \u2192 Dallas)",
      "metadata": {
        "length": 1133.4431193705666,
        "units": "km",
        "latitude": 33.9549885,
        "longitude": -101.694985
      },
      "type": "Fiber"
    },
    {
      "id": "fiber (Albuquerque \u2192 Denver)",
      "metadata": {
        "length": 647.7371779491205,
        "units": "km",
        "latitude": 37.444989855,
        "longitude": -105.74498679999999
      },
      "type": "Fiber"
    },
    {
      "id": "fiber (Albuquerque \u2192 El_Paso)",
      "metadata": {
        "length": 436.94946681294743,
        "units": "km",
        "latitude": 33.4848935,
        "longitude": -106.529785
      },
      "type": "Fiber"
    },
    {
      "id": "fiber (Albuquerque \u2192 Las_Vegas)",
      "metadata": {
        "length": 943.5364332586244,
        "units": "km",
        "latitude": 35.6649835,
        "longitude": -110.919935
      },
      "type": "Fiber"
    },
    {
      "id": "fiber (Amsterdam \u2192 Berlin)",
      "metadata": {
        "length": 690.6082920593449,
        "units": "km",
        "latitude": 52.4450008,
        "longitude": 9.134997075
      },
      "type": "Fiber"
    },
    {
      "id": "fiber (Amsterdam \u2192 Brussels)",
      "metadata": {
        "length": 210.72879668411468,
        "units": "km",
        "latitude": 51.600000800000004,
        "longitude": 4.610000575000001
      },
      "type": "Fiber"
    },
    {
      "id": "fiber (Amsterdam \u2192 Frankfurt)",
      "metadata": {
        "length": 436.32424081216897,
        "units": "km",
        "latitude": 51.2449994,
        "longitude": 6.785000095000001
      },
      "type": "Fiber"
    },
    {
      "id": "fiber (Amsterdam \u2192 New_York)",
      "metadata": {
        "length": 7035.61103600819,
        "units": "km",
        "latitude": 46.51999895,
        "longitude": -34.525002175000004
      },
      "type": "Fiber"
    },
    {
      "id": "fiber (Atlanta \u2192 Birmingham)",
      "metadata": {
        "length": 266.22809475544994,
        "units": "km",
        "latitude": 33.644998349999995,
        "longitude": -85.6100008
      },
      "type": "Fiber"
    },
    {
      "id": "fiber (Atlanta \u2192 Charlotte)",
      "metadata": {
        "length": 439.23796438878986,
        "units": "km",
        "latitude": 34.4799991,
        "longitude": -82.62499935
      },
      "type": "Fiber"
    },
    {
      "id": "fiber (Atlanta \u2192 Jacksonville)",
      "metadata": {
        "length": 554.1108875028704,
        "units": "km",
        "latitude": 32.0450006,
        "longitude": -83.04000035
      },
      "type": "Fiber"
    },
    {
      "id": "fiber (Austin \u2192 Houston)",
      "metadata": {
        "length": 282.0488175552249,
        "units": "km",
        "latitude": 30.0399994,
        "longitude": -96.5700009
      },
      "type": "Fiber"
    },
    {
      "id": "fiber (Austin \u2192 San_Antonio)",
      "metadata": {
        "length": 143.55250635083038,
        "units": "km",
        "latitude": 29.884997900000002,
        "longitude": -98.1300019
      },
      "type": "Fiber"
    },
    {
      "id": "fiber (Baltimore \u2192 Philadelphia)",
      "metadata": {
        "length": 179.19496513094114,
        "units": "km",
        "latitude": 39.65499885,
        "longitude": -75.8699986
      },
      "type": "Fiber"
    },
    {
      "id": "fiber (Baltimore \u2192 Pittsburgh)",
      "metadata": {
        "length": 384.81875394461014,
        "units": "km",
        "latitude": 39.7999996,
        "longitude": -78.3700004
      },
      "type": "Fiber"
    },
    {
      "id": "fiber (Baltimore \u2192 Washington_DC)",
      "metadata": {
        "length": 67.17947405391949,
        "units": "km",
        "latitude": 39.104999750000005,
        "longitude": -76.81499865
      },
      "type": "Fiber"
    },
    {
      "id": "fiber (Bangkok \u2192 Delhi)",
      "metadata": {
        "length": 3505.949664416427,
        "units": "km",
        "latitude": 21.20000015,
        "longitude": 88.85499945000001
      },
      "type": "Fiber"
    },
    {
      "id": "fiber (Bangkok \u2192 Hong_Kong)",
      "metadata": {
        "length": 2070.724162058727,
        "units": "km",
        "latitude": 17.9985,
        "longitude": 107.32
      },
      "type": "Fiber"
    },
    {
      "id": "fiber (Baton_Rouge \u2192 Houston)",
      "metadata": {
        "length": 500.1517957127779,
        "units": "km",
        "latitude": 30.1099998,
        "longitude": -93.2599984
      },
      "type": "Fiber"
    },
    {
      "id": "fiber (Baton_Rouge \u2192 New_Orleans)",
      "metadata": {
        "length": 147.35040576584402,
        "units": "km",
        "latitude": 30.259999800000003,
        "longitude": -90.52999840000001
      },
      "type": "Fiber"
    },
    {
      "id": "fiber (Beijing \u2192 Seoul)",
      "metadata": {
        "length": 1146.1242170685186,
        "units": "km",
        "latitude": 38.745000434999994,
        "longitude": 121.69500005
      },
      "type": "Fiber"
    },
    {
      "id": "fiber (Beijing \u2192 Shanghai)",
      "metadata": {
        "length": 1284.46539141146,
        "units": "km",
        "latitude": 35.579999895,
        "longitude": 118.93500065
      },
      "type": "Fiber"
    },
    {
      "id": "fiber (Berlin \u2192 Warsaw)",
      "metadata": {
        "length": 623.0146935618342,
        "units": "km",
        "latitude": 52.390000349999994,
        "longitude": 17.199997749999998
      },
      "type": "Fiber"
    },
    {
      "id": "fiber (Billings \u2192 Bismarck)",
      "metadata": {
        "length": 729.0170987051496,
        "units": "km",
        "latitude": 46.30000129,
        "longitude": -104.65499855
      },
      "type": "Fiber"
    },
    {
      "id": "fiber (Billings \u2192 Denver)",
      "metadata": {
        "length": 880.0417120055628,
        "units": "km",
        "latitude": 42.780001874999996,
        "longitude": -106.7050021
      },
      "type": "Fiber"
    },
    {
      "id": "fiber (Billings \u2192 Spokane)",
      "metadata": {
        "length": 848.8579798603198,
        "units": "km",
        "latitude": 46.729999545,
        "longitude": -112.9750022
      },
      "type": "Fiber"
    },
    {
      "id": "fiber (Birmingham \u2192 Nashville)",
      "metadata": {
        "length": 352.3829079978737,
        "units": "km",
        "latitude": 34.84999845,
        "longitude": -86.7900009
      },
      "type": "Fiber"
    },
    {
      "id": "fiber (Birmingham \u2192 New_Orleans)",
      "metadata": {
        "length": 582.4644303930057,
        "units": "km",
        "latitude": 31.79999925,
        "longitude": -88.36500145
      },
      "type": "Fiber"
    },
    {
      "id": "fiber (Bismarck \u2192 Minneapolis)",
      "metadata": {
        "length": 738.940164214936,
        "units": "km",
        "latitude": 45.88500017,
        "longitude": -97.0199969
      },
      "type": "Fiber"
    },
    {
      "id": "fiber (Boston \u2192 Providence)",
      "metadata": {
        "length": 79.92293576874546,
        "units": "km",
        "latitude": 42.08000025,
        "longitude": -71.21999794999999
      },
      "type": "Fiber"
    },
    {
      "id": "fiber (Brussels \u2192 London)",
      "metadata": {
        "length": 381.913012710562,
        "units": "km",
        "latitude": 51.17500125,
        "longitude": 2.115000852
      },
      "type": "Fiber"
    },
    {
      "id": "fiber (Bucharest \u2192 Istanbul)",
      "metadata": {
        "length": 528.5804934964391,
        "units": "km",
        "latitude": 42.769999999999996,
        "longitude": 27.55
      },
      "type": "Fiber"
    },
    {
      "id": "fiber (Bucharest \u2192 Warsaw)",
      "metadata": {
        "length": 1136.2004559222928,
        "units": "km",
        "latitude": 48.34999935,
        "longitude": 23.56000025
      },
      "type": "Fiber"
    },
    {
      "id": "fiber (Buffalo \u2192 Cleveland)",
      "metadata": {
        "length": 336.4337393351862,
        "units": "km",
        "latitude": 42.184999250000004,
        "longitude": -80.2700012
      },
      "type": "Fiber"
    },
    {
      "id": "fiber (Buffalo \u2192 Rochester)",
      "metadata": {
        "length": 126.62638243870728,
        "units": "km",
        "latitude": 43.029998899999995,
        "longitude": -78.240002
      },
      "type": "Fiber"
    },
    {
      "id": "fiber (Charleston \u2192 Jacksonville)",
      "metadata": {
        "length": 379.31110595847014,
        "units": "km",
        "latitude": 31.560001900000003,
        "longitude": -80.82500010000001
      },
      "type": "Fiber"
    },
    {
      "id": "fiber (Charleston \u2192 Raleigh)",
      "metadata": {
        "length": 430.1818131120458,
        "units": "km",
        "latitude": 34.30500015,
        "longitude": -79.3250008
      },
      "type": "Fiber"
    },
    {
      "id": "fiber (Charlotte \u2192 Greensboro)",
      "metadata": {
        "length": 159.88344694071537,
        "units": "km",
        "latitude": 35.6400012,
        "longitude": -80.3300009
      },
      "type": "Fiber"
    },
    {
      "id": "fiber (Chicago \u2192 Detroit)",
      "metadata": {
        "length": 459.14526862004817,
        "units": "km",
        "latitude": 42.109999450000004,
        "longitude": -85.3900004
      },
      "type": "Fiber"
    },
    {
      "id": "fiber (Chicago \u2192 Milwaukee)",
      "metadata": {
        "length": 165.32648054217967,
        "units": "km",
        "latitude": 42.44999915,
        "longitude": -87.82500075
      },
      "type": "Fiber"
    },
    {
      "id": "fiber (Chicago \u2192 Springfield)",
      "metadata": {
        "length": 357.57300729462565,
        "units": "km",
        "latitude": 40.6699985,
        "longitude": -88.5400005
      },
      "type": "Fiber"
    },
    {
      "id": "fiber (Cincinnati \u2192 Columbus)",
      "metadata": {
        "length": 193.2153767474445,
        "units": "km",
        "latitude": 39.56500054999999,
        "longitude": -83.74999985
      },
      "type": "Fiber"
    },
    {
      "id": "fiber (Cincinnati \u2192 Louisville)",
      "metadata": {
        "length": 177.49258156502208,
        "units": "km",
        "latitude": 38.68,
        "longitude": -85.12500030000001
      },
      "type": "Fiber"
    },
    {
      "id": "fiber (Cincinnati \u2192 Washington_DC)",
      "metadata": {
        "length": 777.0507391959417,
        "units": "km",
        "latitude": 39.024999699999995,
        "longitude": -80.76499960000001
      },
      "type": "Fiber"
    },
    {
      "id": "fiber (Cleveland \u2192 Columbus)",
      "metadata": {
        "length": 238.96305716464266,
        "units": "km",
        "latitude": 40.7350006,
        "longitude": -82.3349992
      },
      "type": "Fiber"
    },
    {
      "id": "fiber (Cleveland \u2192 Toledo)",
      "metadata": {
        "length": 191.24362944993825,
        "units": "km",
        "latitude": 41.5699981,
        "longitude": -82.6300007
      },
      "type": "Fiber"
    },
    {
      "id": "fiber (Columbus \u2192 Pittsburgh)",
      "metadata": {
        "length": 294.7135668849075,
        "units": "km",
        "latitude": 40.14500099999999,
        "longitude": -81.5599985
      },
      "type": "Fiber"
    },
    {
      "id": "fiber (Dallas \u2192 Houston)",
      "metadata": {
        "length": 432.7312490876279,
        "units": "km",
        "latitude": 31.28,
        "longitude": -96.08
      },
      "type": "Fiber"
    },
    {
      "id": "fiber (Dallas \u2192 Little_Rock)",
      "metadata": {
        "length": 553.9582807348323,
        "units": "km",
        "latitude": 33.754999999999995,
        "longitude": -94.56
      },
      "type": "Fiber"
    },
    {
      "id": "fiber (Dallas \u2192 Oklahoma_City)",
      "metadata": {
        "length": 366.936135078018,
        "units": "km",
        "latitude": 34.13000075,
        "longitude": -97.14000139999999
      },
      "type": "Fiber"
    },
    {
      "id": "fiber (Delhi \u2192 Istanbul)",
      "metadata": {
        "length": 5457.525355319706,
        "units": "km",
        "latitude": 34.88500015,
        "longitude": 53.10499945
      },
      "type": "Fiber"
    },
    {
      "id": "fiber (Delhi \u2192 Mumbai)",
      "metadata": {
        "length": 1402.1410424889511,
        "units": "km",
        "latitude": 23.8149995,
        "longitude": 75.0149994
      },
      "type": "Fiber"
    },
    {
      "id": "fiber (Denver \u2192 Omaha)",
      "metadata": {
        "length": 920.3373587581345,
        "units": "km",
        "latitude": 40.515000555,
        "longitude": -100.4400029
      },
      "type": "Fiber"
    },
    {
      "id": "fiber (Denver \u2192 Salt_Lake_City)",
      "metadata": {
        "length": 731.2717231491926,
        "units": "km",
        "latitude": 40.27500067,
        "longitude": -108.40000215
      },
      "type": "Fiber"
    },
    {
      "id": "fiber (Detroit \u2192 Toledo)",
      "metadata": {
        "length": 107.24369565949208,
        "units": "km",
        "latitude": 42.01999945,
        "longitude": -83.33999990000001
      },
      "type": "Fiber"
    },
    {
      "id": "fiber (El_Paso \u2192 San_Antonio)",
      "metadata": {
        "length": 964.4531908086437,
        "units": "km",
        "latitude": 30.654903500000003,
        "longitude": -102.474801
      },
      "type": "Fiber"
    },
    {
      "id": "fiber (El_Paso \u2192 Tucson)",
      "metadata": {
        "length": 505.74853067973146,
        "units": "km",
        "latitude": 32.024905000000004,
        "longitude": -108.6648
      },
      "type": "Fiber"
    },
    {
      "id": "fiber (Frankfurt \u2192 Vienna)",
      "metadata": {
        "length": 717.0013849336048,
        "units": "km",
        "latitude": 49.1700008,
        "longitude": 12.52500077
      },
      "type": "Fiber"
    },
    {
      "id": "fiber (Fresno \u2192 Las_Vegas)",
      "metadata": {
        "length": 496.1990406606754,
        "units": "km",
        "latitude": 36.494995349999996,
        "longitude": -117.504951
      },
      "type": "Fiber"
    },
    {
      "id": "fiber (Fresno \u2192 Los_Angeles)",
      "metadata": {
        "length": 386.6707816777065,
        "units": "km",
        "latitude": 35.44500085,
        "longitude": -119.100002
      },
      "type": "Fiber"
    },
    {
      "id": "fiber (Fresno \u2192 Oakland)",
      "metadata": {
        "length": 289.94106181541014,
        "units": "km",
        "latitude": 37.275000705,
        "longitude": -121.0050018
      },
      "type": "Fiber"
    },
    {
      "id": "fiber (Greensboro \u2192 Louisville)",
      "metadata": {
        "length": 690.4091793568647,
        "units": "km",
        "latitude": 37.15000165,
        "longitude": -82.78499985
      },
      "type": "Fiber"
    },
    {
      "id": "fiber (Greensboro \u2192 Raleigh)",
      "metadata": {
        "length": 131.09721015274965,
        "units": "km",
        "latitude": 35.95000095,
        "longitude": -79.24500259999999
      },
      "type": "Fiber"
    },
    {
      "id": "fiber (Greensboro \u2192 Richmond)",
      "metadata": {
        "length": 317.89654686597964,
        "units": "km",
        "latitude": 36.8050005,
        "longitude": -78.65000165000001
      },
      "type": "Fiber"
    },
    {
      "id": "fiber (Hartford \u2192 Long_Island)",
      "metadata": {
        "length": 186.27076215771865,
        "units": "km",
        "latitude": 41.18000015,
        "longitude": -73.1749998
      },
      "type": "Fiber"
    },
    {
      "id": "fiber (Hartford \u2192 Providence)",
      "metadata": {
        "length": 125.5599482424726,
        "units": "km",
        "latitude": 41.795000200000004,
        "longitude": -72.05000015
      },
      "type": "Fiber"
    },
    {
      "id": "fiber (Hong_Kong \u2192 Shanghai)",
      "metadata": {
        "length": 1480.405514673738,
        "units": "km",
        "latitude": 26.7485,
        "longitude": 117.805
      },
      "type": "Fiber"
    },
    {
      "id": "fiber (Hong_Kong \u2192 Sydney)",
      "metadata": {
        "length": 8856.6,
        "units": "km",
        "latitude": -5.801499479999999,
        "longitude": 132.67500330000001
      },
      "type": "Fiber"
    },
    {
      "id": "fiber (Hong_Kong \u2192 Taipei)",
      "metadata": {
        "length": 966.1766738801513,
        "units": "km",
        "latitude": 23.64350025,
        "longitude": 117.79499849999999
      },
      "type": "Fiber"
    },
    {
      "id": "fiber (Honolulu \u2192 Los_Angeles)",
      "metadata": {
        "length": 4921.458828048745,
        "units": "km",
        "latitude": 27.7150003,
        "longitude": -138.1050025
      },
      "type": "Fiber"
    },
    {
      "id": "fiber (Honolulu \u2192 Sydney)",
      "metadata": {
        "length": 9808.61585417977,
        "units": "km",
        "latitude": -6.274999679999999,
        "longitude": -3.294998199999995
      },
      "type": "Fiber"
    },
    {
      "id": "fiber (Honolulu \u2192 Taipei)",
      "metadata": {
        "length": 9767.012902360886,
        "units": "km",
        "latitude": 23.17000005,
        "longitude": -18.175003000000004
      },
      "type": "Fiber"
    },
    {
      "id": "fiber (Istanbul \u2192 Rome)",
      "metadata": {
        "length": 1650.405833597658,
        "units": "km",
        "latitude": 41.4949998,
        "longitude": 20.7500002
      },
      "type": "Fiber"
    },
    {
      "id": "fiber (Jacksonville \u2192 Orlando)",
      "metadata": {
        "length": 246.57703478271543,
        "units": "km",
        "latitude": 29.4150012,
        "longitude": -81.51500250000001
      },
      "type": "Fiber"
    },
    {
      "id": "fiber (Kansas_City \u2192 Omaha)",
      "metadata": {
        "length": 314.03220579234693,
        "units": "km",
        "latitude": 40.1899988,
        "longitude": -95.370003
      },
      "type": "Fiber"
    },
    {
      "id": "fiber (Kansas_City \u2192 St_Louis)",
      "metadata": {
        "length": 470.8657976302973,
        "units": "km",
        "latitude": 38.879999600000005,
        "longitude": -92.4850019
      },
      "type": "Fiber"
    },
    {
      "id": "fiber (Kansas_City \u2192 Tulsa)",
      "metadata": {
        "length": 418.43838443924415,
        "units": "km",
        "latitude": 37.6249996,
        "longitude": -95.3250019
      },
      "type": "Fiber"
    },
    {
      "id": "fiber (Las_Vegas \u2192 Phoenix)",
      "metadata": {
        "length": 495.90032385130826,
        "units": "km",
        "latitude": 34.87499529,
        "longitude": -113.6449498
      },
      "type": "Fiber"
    },
    {
      "id": "fiber (Las_Vegas \u2192 Salt_Lake_City)",
      "metadata": {
        "length": 700.0051285708123,
        "units": "km",
        "latitude": 38.494994315,
        "longitude": -113.57495035
      },
      "type": "Fiber"
    },
    {
      "id": "fiber (Little_Rock \u2192 Memphis)",
      "metadata": {
        "length": 261.34334712478204,
        "units": "km",
        "latitude": 34.9150005,
        "longitude": -91.180002
      },
      "type": "Fiber"
    },
    {
      "id": "fiber (London \u2192 Paris)",
      "metadata": {
        "length": 411.69237336349147,
        "units": "km",
        "latitude": 50.19000025,
        "longitude": 1.1199996019999998
      },
      "type": "Fiber"
    },
    {
      "id": "fiber (London \u2192 Washington_DC)",
      "metadata": {
        "length": 7079.4468602722545,
        "units": "km",
        "latitude": 45.2150004,
        "longitude": -38.559998398000005
      },
      "type": "Fiber"
    },
    {
      "id": "fiber (Long_Island \u2192 New_York)",
      "metadata": {
        "length": 29.361522825216678,
        "units": "km",
        "latitude": 40.629999100000006,
        "longitude": -73.80500140000001
      },
      "type": "Fiber"
    },
    {
      "id": "fiber (Los_Angeles \u2192 San_Diego)",
      "metadata": {
        "length": 223.84450861005277,
        "units": "km",
        "latitude": 33.46000135,
        "longitude": -117.7750005
      },
      "type": "Fiber"
    },
    {
      "id": "fiber (Los_Angeles \u2192 Santa_Barbara)",
      "metadata": {
        "length": 150.67661338412543,
        "units": "km",
        "latitude": 34.270000605,
        "longitude": -119.06500170000001
      },
      "type": "Fiber"
    },
    {
      "id": "fiber (Louisville \u2192 Nashville)",
      "metadata": {
        "length": 295.1182141824404,
        "units": "km",
        "latitude": 37.19499965,
        "longitude": -86.2599984
      },
      "type": "Fiber"
    },
    {
      "id": "fiber (Louisville \u2192 St_Louis)",
      "metadata": {
        "length": 473.8016755339763,
        "units": "km",
        "latitude": 38.43000045,
        "longitude": -87.98999895
      },
      "type": "Fiber"
    },
    {
      "id": "fiber (Madrid \u2192 Paris)",
      "metadata": {
        "length": 1263.6192323447242,
        "units": "km",
        "latitude": 44.639999,
        "longitude": -0.6850003500000001
      },
      "type": "Fiber"
    },
    {
      "id": "fiber (Madrid \u2192 Zurich)",
      "metadata": {
        "length": 1497.3583126093179,
        "units": "km",
        "latitude": 43.89999975,
        "longitude": 2.4149997
      },
      "type": "Fiber"
    },
    {
      "id": "fiber (Memphis \u2192 Nashville)",
      "metadata": {
        "length": 377.8363294188946,
        "units": "km",
        "latitude": 35.6399997,
        "longitude": -88.39500145
      },
      "type": "Fiber"
    },
    {
      "id": "fiber (Miami \u2192 Paris)",
      "metadata": {
        "length": 8829.357704163323,
        "units": "km",
        "latitude": 37.320000300000004,
        "longitude": -38.935000099999996
      },
      "type": "Fiber"
    },
    {
      "id": "fiber (Miami \u2192 Tampa)",
      "metadata": {
        "length": 397.11491068285886,
        "units": "km",
        "latitude": 26.8699997,
        "longitude": -81.34500159999999
      },
      "type": "Fiber"
    },
    {
      "id": "fiber (Miami \u2192 West_Palm_Beach)",
      "metadata": {
        "length": 129.8250315009734,
        "units": "km",
        "latitude": 26.26500015,
        "longitude": -80.1699986
      },
      "type": "Fiber"
    },
    {
      "id": "fiber (Milwaukee \u2192 Minneapolis)",
      "metadata": {
        "length": 568.3338474875162,
        "units": "km",
        "latitude": 44.01000005,
        "longitude": -90.6199989
      },
      "type": "Fiber"
    },
    {
      "id": "fiber (Minneapolis \u2192 Omaha)",
      "metadata": {
        "length": 561.3270039343047,
        "units": "km",
        "latitude": 43.1099986,
        "longitude": -94.63999975
      },
      "type": "Fiber"
    },
    {
      "id": "fiber (Mumbai \u2192 Rome)",
      "metadata": {
        "length": 7415.840839642334,
        "units": "km",
        "latitude": 30.42499915,
        "longitude": 42.66000015
      },
      "type": "Fiber"
    },
    {
      "id": "fiber (Mumbai \u2192 Singapore)",
      "metadata": {
        "length": 4692.7080485536935,
        "units": "km",
        "latitude": 10.1299993035,
        "longitude": 88.33499954999999
      },
      "type": "Fiber"
    },
    {
      "id": "fiber (New_Orleans \u2192 Tallahassee)",
      "metadata": {
        "length": 653.3593336046304,
        "units": "km",
        "latitude": 30.265,
        "longitude": -87.105
      },
      "type": "Fiber"
    },
    {
      "id": "fiber (New_York \u2192 Newark)",
      "metadata": {
        "length": 24.213534771953015,
        "units": "km",
        "latitude": 40.69499975,
        "longitude": -74.05500105
      },
      "type": "Fiber"
    },
    {
      "id": "fiber (New_York \u2192 Scranton)",
      "metadata": {
        "length": 199.57508735810458,
        "units": "km",
        "latitude": 41.034999150000004,
        "longitude": -74.80500175
      },
      "type": "Fiber"
    },
    {
      "id": "fiber (New_York \u2192 Wilmington)",
      "metadata": {
        "length": 204.1516726069126,
        "units": "km",
        "latitude": 40.20500005,
        "longitude": -74.7350012
      },
      "type": "Fiber"
    },
    {
      "id": "fiber (Newark \u2192 Philadelphia)",
      "metadata": {
        "length": 136.06045210990413,
        "units": "km",
        "latitude": 40.364999850000004,
        "longitude": -74.6499975
      },
      "type": "Fiber"
    },
    {
      "id": "fiber (Norfolk \u2192 Raleigh)",
      "metadata": {
        "length": 298.6558234036971,
        "units": "km",
        "latitude": 36.36999885,
        "longitude": -77.4500006
      },
      "type": "Fiber"
    },
    {
      "id": "fiber (Norfolk \u2192 Wilmington)",
      "metadata": {
        "length": 383.66905343266836,
        "units": "km",
        "latitude": 38.33,
        "longitude": -75.88499834999999
      },
      "type": "Fiber"
    },
    {
      "id": "fiber (Oakland \u2192 Sacramento)",
      "metadata": {
        "length": 132.64902173675702,
        "units": "km",
        "latitude": 38.170000085,
        "longitude": -121.8450016
      },
      "type": "Fiber"
    },
    {
      "id": "fiber (Oakland \u2192 Salt_Lake_City)",
      "metadata": {
        "length": 1135.717402335523,
        "units": "km",
        "latitude": 39.27499967,
        "longitude": -117.07500114999999
      },
      "type": "Fiber"
    },
    {
      "id": "fiber (Oakland \u2192 San_Francisco)",
      "metadata": {
        "length": 25.719917162524546,
        "units": "km",
        "latitude": 37.715000065,
        "longitude": -122.32000015
      },
      "type": "Fiber"
    },
    {
      "id": "fiber (Oakland \u2192 Taipei)",
      "metadata": {
        "length": 12461.706998280511,
        "units": "km",
        "latitude": 31.395000605,
        "longitude": -0.38500230000000357
      },
      "type": "Fiber"
    },
    {
      "id": "fiber (Oklahoma_City \u2192 Tulsa)",
      "metadata": {
        "length": 193.3587768184288,
        "units": "km",
        "latitude": 35.80000075,
        "longitude": -96.7150014
      },
      "type": "Fiber"
    },
    {
      "id": "fiber (Orlando \u2192 West_Palm_Beach)",
      "metadata": {
        "length": 275.7928547669195,
        "units": "km",
        "latitude": 27.62499955,
        "longitude": -80.75000025
      },
      "type": "Fiber"
    },
    {
      "id": "fiber (Philadelphia \u2192 Scranton)",
      "metadata": {
        "length": 193.40899038575066,
        "units": "km",
        "latitude": 40.70499925,
        "longitude": -75.3999982
      },
      "type": "Fiber"
    },
    {
      "id": "fiber (Phoenix \u2192 San_Diego)",
      "metadata": {
        "length": 574.6750815615965,
        "units": "km",
        "latitude": 33.17500114,
        "longitude": -114.6049993
      },
      "type": "Fiber"
    },
    {
      "id": "fiber (Phoenix \u2192 Tucson)",
      "metadata": {
        "length": 222.4582756108501,
        "units": "km",
        "latitude": 32.87000029,
        "longitude": -111.4799998
      },
      "type": "Fiber"
    },
    {
      "id": "fiber (Pittsburgh \u2192 Scranton)",
      "metadata": {
        "length": 473.5653806283656,
        "units": "km",
        "latitude": 40.849999999999994,
        "longitude": -77.9
      },
      "type": "Fiber"
    },
    {
      "id": "fiber (Portland \u2192 Sacramento)",
      "metadata": {
        "length": 937.7404055592439,
        "units": "km",
        "latitude": 42.05500009,
        "longitude": -122.06500255
      },
      "type": "Fiber"
    },
    {
      "id": "fiber (Portland \u2192 Salt_Lake_City)",
      "metadata": {
        "length": 1221.1892893718134,
        "units": "km",
        "latitude": 43.159999675,
        "longitude": -117.2950021
      },
      "type": "Fiber"
    },
    {
      "id": "fiber (Portland \u2192 Seattle)",
      "metadata": {
        "length": 279.08173105798045,
        "units": "km",
        "latitude": 46.57999994,
        "longitude": -122.505001
      },
      "type": "Fiber"
    },
    {
      "id": "fiber (Portland \u2192 Tokyo)",
      "metadata": {
        "length": 9349.70622537614,
        "units": "km",
        "latitude": 40.604999660000004,
        "longitude": 8.555000249999999
      },
      "type": "Fiber"
    },
    {
      "id": "fiber (Richmond \u2192 Washington_DC)",
      "metadata": {
        "length": 190.14466852785256,
        "units": "km",
        "latitude": 38.21999945,
        "longitude": -77.244999
      },
      "type": "Fiber"
    },
    {
      "id": "fiber (Rochester \u2192 Syracuse)",
      "metadata": {
        "length": 145.26592096779268,
        "units": "km",
        "latitude": 43.10499975,
        "longitude": -76.88000115
      },
      "type": "Fiber"
    },
    {
      "id": "fiber (Rome \u2192 Vienna)",
      "metadata": {
        "length": 920.025605583882,
        "units": "km",
        "latitude": 45.055001000000004,
        "longitude": 14.43500045
      },
      "type": "Fiber"
    },
    {
      "id": "fiber (Rome \u2192 Zurich)",
      "metadata": {
        "length": 823.399678170238,
        "units": "km",
        "latitude": 44.63500055,
        "longitude": 10.52
      },
      "type": "Fiber"
    },
    {
      "id": "fiber (San_Francisco \u2192 San_Jose)",
      "metadata": {
        "length": 77.16267231374907,
        "units": "km",
        "latitude": 37.479999445000004,
        "longitude": -122.13499859999999
      },
      "type": "Fiber"
    },
    {
      "id": "fiber (San_Jose \u2192 Santa_Barbara)",
      "metadata": {
        "length": 446.98987083411544,
        "units": "km",
        "latitude": 35.86499984,
        "longitude": -120.78499995
      },
      "type": "Fiber"
    },
    {
      "id": "fiber (Scranton \u2192 Syracuse)",
      "metadata": {
        "length": 223.7750822342436,
        "units": "km",
        "latitude": 42.2200005,
        "longitude": -75.90499965000001
      },
      "type": "Fiber"
    },
    {
      "id": "fiber (Seattle \u2192 Spokane)",
      "metadata": {
        "length": 444.2069519329237,
        "units": "km",
        "latitude": 47.644998605,
        "longitude": -119.88000115
      },
      "type": "Fiber"
    },
    {
      "id": "fiber (Seoul \u2192 Tokyo)",
      "metadata": {
        "length": 1391.0845320188098,
        "units": "km",
        "latitude": 36.614999839999996,
        "longitude": 133.3800014
      },
      "type": "Fiber"
    },
    {
      "id": "fiber (Singapore \u2192 Sydney)",
      "metadata": {
        "length": 7562.33052211171,
        "units": "km",
        "latitude": -16.2849995265,
        "longitude": 127.5300029
      },
      "type": "Fiber"
    },
    {
      "id": "fiber (Springfield \u2192 St_Louis)",
      "metadata": {
        "length": 144.05996844998273,
        "units": "km",
        "latitude": 39.07,
        "longitude": -89.82
      },
      "type": "Fiber"
    },
    {
      "id": "fiber (Taipei \u2192 Tokyo)",
      "metadata": {
        "length": 2537.3446021508994,
        "units": "km",
        "latitude": 30.344999549999997,
        "longitude": 130.6100005
      },
      "type": "Fiber"
    },
    {
      "id": "fiber (Tallahassee \u2192 Tampa)",
      "metadata": {
        "length": 394.0942686484811,
        "units": "km",
        "latitude": 29.2099994,
        "longitude": -83.38000174999999
      },
      "type": "Fiber"
    },
    {
      "id": "fiber (Vienna \u2192 Warsaw)",
      "metadata": {
        "length": 669.2971801468174,
        "units": "km",
        "latitude": 50.24000055,
        "longitude": 18.6950005
      },
      "type": "Fiber"
    }
  ],
  "connections": [
    {
      "from_node": "Abilene",
      "to_node": "fiber (Abilene \u2192 Dallas)"
    },
    {
      "from_node": "Abilene",
      "to_node": "fiber (Abilene \u2192 El_Paso)"
    },
    {
      "from_node": "Albany",
      "to_node": "fiber (Albany \u2192 Boston)"
    },
    {
      "from_node": "Albany",
      "to_node": "fiber (Albany \u2192 Syracuse)"
    },
    {
      "from_node": "Albuquerque",
      "to_node": "fiber (Albuquerque \u2192 Dallas)"
    },
    {
      "from_node": "Albuquerque",
      "to_node": "fiber (Albuquerque \u2192 Denver)"
    },
    {
      "from_node": "Albuquerque",
      "to_node": "fiber (Albuquerque \u2192 El_Paso)"
    },
    {
      "from_node": "Albuquerque",
      "to_node": "fiber (Albuquerque \u2192 Las_Vegas)"
    },
    {
      "from_node": "Amsterdam",
      "to_node": "fiber (Amsterdam \u2192 Berlin)"
    },
    {
      "from_node": "Amsterdam",
      "to_node": "fiber (Amsterdam \u2192 Brussels)"
    },
    {
      "from_node": "Amsterdam",
      "to_node": "fiber (Amsterdam \u2192 Frankfurt)"
    },
    {
      "from_node": "Amsterdam",
      "to_node": "fiber (Amsterdam \u2192 New_York)"
    },
    {
      "from_node": "Atlanta",
      "to_node": "fiber (Atlanta \u2192 Birmingham)"
    },
    {
      "from_node": "Atlanta",
      "to_node": "fiber (Atlanta \u2192 Charlotte)"
    },
    {
      "from_node": "Atlanta",
      "to_node": "fiber (Atlanta \u2192 Jacksonville)"
    },
    {
      "from_node": "Austin",
      "to_node": "fiber (Austin \u2192 Houston)"
    },
    {
      "from_node": "Austin",
      "to_node": "fiber (Austin \u2192 San_Antonio)"
    },
    {
      "from_node": "Baltimore",
      "to_node": "fiber (Baltimore \u2192 Philadelphia)"
    },
    {
      "from_node": "Baltimore",
      "to_node": "fiber (Baltimore \u2192 Pittsburgh)"
    },
    {
      "from_node": "Baltimore",
      "to_node": "fiber (Baltimore \u2192 Washington_DC)"
    },
    {
      "from_node": "Bangkok",
      "to_node": "fiber (Bangkok \u2192 Delhi)"
    },
    {
      "from_node": "Bangkok",
      "to_node": "fiber (Bangkok \u2192 Hong_Kong)"
    },
    {
      "from_node": "Baton_Rouge",
      "to_node": "fiber (Baton_Rouge \u2192 Houston)"
    },
    {
      "from_node": "Baton_Rouge",
      "to_node": "fiber (Baton_Rouge \u2192 New_Orleans)"
    },
    {
      "from_node": "Beijing",
      "to_node": "fiber (Beijing \u2192 Seoul)"
    },
    {
      "from_node": "Beijing",
      "to_node": "fiber (Beijing \u2192 Shanghai)"
    },
    {
      "from_node": "Berlin",
      "to_node": "fiber (Berlin \u2192 Warsaw)"
    },
    {
      "from_node": "Billings",
      "to_node": "fiber (Billings \u2192 Bismarck)"
    },
    {
      "from_node": "Billings",
      "to_node": "fiber (Billings \u2192 Denver)"
    },
    {
      "from_node": "Billings",
      "to_node": "fiber (Billings \u2192 Spokane)"
    },
    {
      "from_node": "Birmingham",
      "to_node": "fiber (Birmingham \u2192 Nashville)"
    },
    {
      "from_node": "Birmingham",
      "to_node": "fiber (Birmingham \u2192 New_Orleans)"
    },
    {
      "from_node": "Bismarck",
      "to_node": "fiber (Bismarck \u2192 Minneapolis)"
    },
    {
      "from_node": "Boston",
      "to_node": "fiber (Boston \u2192 Providence)"
    },
    {
      "from_node": "Brussels",
      "to_node": "fiber (Brussels \u2192 London)"
    },
    {
      "from_node": "Bucharest",
      "to_node": "fiber (Bucharest \u2192 Istanbul)"
    },
    {
      "from_node": "Bucharest",
      "to_node": "fiber (Bucharest \u2192 Warsaw)"
    },
    {
      "from_node": "Buffalo",
      "to_node": "fiber (Buffalo \u2192 Cleveland)"
    },
    {
      "from_node": "Buffalo",
      "to_node": "fiber (Buffalo \u2192 Rochester)"
    },
    {
      "from_node": "Charleston",
      "to_node": "fiber (Charleston \u2192 Jacksonville)"
    },
    {
      "from_node": "Charleston",
      "to_node": "fiber (Charleston \u2192 Raleigh)"
    },
    {
      "from_node": "Charlotte",
      "to_node": "fiber (Charlotte \u2192 Greensboro)"
    },
    {
      "from_node": "Chicago",
      "to_node": "fiber (Chicago \u2192 Detroit)"
    },
    {
      "from_node": "Chicago",
      "to_node": "fiber (Chicago \u2192 Milwaukee)"
    },
    {
      "from_node": "Chicago",
      "to_node": "fiber (Chicago \u2192 Springfield)"
    },
    {
      "from_node": "Cincinnati",
      "to_node": "fiber (Cincinnati \u2192 Columbus)"
    },
    {
      "from_node": "Cincinnati",
      "to_node": "fiber (Cincinnati \u2192 Louisville)"
    },
    {
      "from_node": "Cincinnati",
      "to_node": "fiber (Cincinnati \u2192 Washington_DC)"
    },
    {
      "from_node": "Cleveland",
      "to_node": "fiber (Cleveland \u2192 Columbus)"
    },
    {
      "from_node": "Cleveland",
      "to_node": "fiber (Cleveland \u2192 Toledo)"
    },
    {
      "from_node": "Columbus",
      "to_node": "fiber (Columbus \u2192 Pittsburgh)"
    },
    {
      "from_node": "Dallas",
      "to_node": "fiber (Dallas \u2192 Houston)"
    },
    {
      "from_node": "Dallas",
      "to_node": "fiber (Dallas \u2192 Little_Rock)"
    },
    {
      "from_node": "Dallas",
      "to_node": "fiber (Dallas \u2192 Oklahoma_City)"
    },
    {
      "from_node": "Delhi",
      "to_node": "fiber (Delhi \u2192 Istanbul)"
    },
    {
      "from_node": "Delhi",
      "to_node": "fiber (Delhi \u2192 Mumbai)"
    },
    {
      "from_node": "Denver",
      "to_node": "fiber (Denver \u2192 Omaha)"
    },
    {
      "from_node": "Denver",
      "to_node": "fiber (Denver \u2192 Salt_Lake_City)"
    },
    {
      "from_node": "Detroit",
      "to_node": "fiber (Detroit \u2192 Toledo)"
    },
    {
      "from_node": "El_Paso",
      "to_node": "fiber (El_Paso \u2192 San_Antonio)"
    },
    {
      "from_node": "El_Paso",
      "to_node": "fiber (El_Paso \u2192 Tucson)"
    },
    {
      "from_node": "Frankfurt",
      "to_node": "fiber (Frankfurt \u2192 Vienna)"
    },
    {
      "from_node": "Fresno",
      "to_node": "fiber (Fresno \u2192 Las_Vegas)"
    },
    {
      "from_node": "Fresno",
      "to_node": "fiber (Fresno \u2192 Los_Angeles)"
    },
    {
      "from_node": "Fresno",
      "to_node": "fiber (Fresno \u2192 Oakland)"
    },
    {
      "from_node": "Greensboro",
      "to_node": "fiber (Greensboro \u2192 Louisville)"
    },
    {
      "from_node": "Greensboro",
      "to_node": "fiber (Greensboro \u2192 Raleigh)"
    },
    {
      "from_node": "Greensboro",
      "to_node": "fiber (Greensboro \u2192 Richmond)"
    },
    {
      "from_node": "Hartford",
      "to_node": "fiber (Hartford \u2192 Long_Island)"
    },
    {
      "from_node": "Hartford",
      "to_node": "fiber (Hartford \u2192 Providence)"
    },
    {
      "from_node": "Hong_Kong",
      "to_node": "fiber (Hong_Kong \u2192 Shanghai)"
    },
    {
      "from_node": "Hong_Kong",
      "to_node": "fiber (Hong_Kong \u2192 Sydney)"
    },
    {
      "from_node": "Hong_Kong",
      "to_node": "fiber (Hong_Kong \u2192 Taipei)"
    },
    {
      "from_node": "Honolulu",
      "to_node": "fiber (Honolulu \u2192 Los_Angeles)"
    },
    {
      "from_node": "Honolulu",
      "to_node": "fiber (Honolulu \u2192 Sydney)"
    },
    {
      "from_node": "Honolulu",
      "to_node": "fiber (Honolulu \u2192 Taipei)"
    },
    {
      "from_node": "Istanbul",
      "to_node": "fiber (Istanbul \u2192 Rome)"
    },
    {
      "from_node": "Jacksonville",
      "to_node": "fiber (Jacksonville \u2192 Orlando)"
    },
    {
      "from_node": "Kansas_City",
      "to_node": "fiber (Kansas_City \u2192 Omaha)"
    },
    {
      "from_node": "Kansas_City",
      "to_node": "fiber (Kansas_City \u2192 St_Louis)"
    },
    {
      "from_node": "Kansas_City",
      "to_node": "fiber (Kansas_City \u2192 Tulsa)"
    },
    {
      "from_node": "Las_Vegas",
      "to_node": "fiber (Las_Vegas \u2192 Phoenix)"
    },
    {
      "from_node": "Las_Vegas",
      "to_node": "fiber (Las_Vegas \u2192 Salt_Lake_City)"
    },
    {
      "from_node": "Little_Rock",
      "to_node": "fiber (Little_Rock \u2192 Memphis)"
    },
    {
      "from_node": "London",
      "to_node": "fiber (London \u2192 Paris)"
    },
    {
      "from_node": "London",
      "to_node": "fiber (London \u2192 Washington_DC)"
    },
    {
      "from_node": "Long_Island",
      "to_node": "fiber (Long_Island \u2192 New_York)"
    },
    {
      "from_node": "Los_Angeles",
      "to_node": "fiber (Los_Angeles \u2192 San_Diego)"
    },
    {
      "from_node": "Los_Angeles",
      "to_node": "fiber (Los_Angeles \u2192 Santa_Barbara)"
    },
    {
      "from_node": "Louisville",
      "to_node": "fiber (Louisville \u2192 Nashville)"
    },
    {
      "from_node": "Louisville",
      "to_node": "fiber (Louisville \u2192 St_Louis)"
    },
    {
      "from_node": "Madrid",
      "to_node": "fiber (Madrid \u2192 Paris)"
    },
    {
      "from_node": "Madrid",
      "to_node": "fiber (Madrid \u2192 Zurich)"
    },
    {
      "from_node": "Memphis",
      "to_node": "fiber (Memphis \u2192 Nashville)"
    },
    {
      "from_node": "Miami",
      "to_node": "fiber (Miami \u2192 Paris)"
    },
    {
      "from_node": "Miami",
      "to_node": "fiber (Miami \u2192 Tampa)"
    },
    {
      "from_node": "Miami",
      "to_node": "fiber (Miami \u2192 West_Palm_Beach)"
    },
    {
      "from_node": "Milwaukee",
      "to_node": "fiber (Milwaukee \u2192 Minneapolis)"
    },
    {
      "from_node": "Minneapolis",
      "to_node": "fiber (Minneapolis \u2192 Omaha)"
    },
    {
      "from_node": "Mumbai",
      "to_node": "fiber (Mumbai \u2192 Rome)"
    },
    {
      "from_node": "Mumbai",
      "to_node": "fiber (Mumbai \u2192 Singapore)"
    },
    {
      "from_node": "New_Orleans",
      "to_node": "fiber (New_Orleans \u2192 Tallahassee)"
    },
    {
      "from_node": "New_York",
      "to_node": "fiber (New_York \u2192 Newark)"
    },
    {
      "from_node": "New_York",
      "to_node": "fiber (New_York \u2192 Scranton)"
    },
    {
      "from_node": "New_York",
      "to_node": "fiber (New_York \u2192 Wilmington)"
    },
    {
      "from_node": "Newark",
      "to_node": "fiber (Newark \u2192 Philadelphia)"
    },
    {
      "from_node": "Norfolk",
      "to_node": "fiber (Norfolk \u2192 Raleigh)"
    },
    {
      "from_node": "Norfolk",
      "to_node": "fiber (Norfolk \u2192 Wilmington)"
    },
    {
      "from_node": "Oakland",
      "to_node": "fiber (Oakland \u2192 Sacramento)"
    },
    {
      "from_node": "Oakland",
      "to_node": "fiber (Oakland \u2192 Salt_Lake_City)"
    },
    {
      "from_node": "Oakland",
      "to_node": "fiber (Oakland \u2192 San_Francisco)"
    },
    {
      "from_node": "Oakland",
      "to_node": "fiber (Oakland \u2192 Taipei)"
    },
    {
      "from_node": "Oklahoma_City",
      "to_node": "fiber (Oklahoma_City \u2192 Tulsa)"
    },
    {
      "from_node": "Orlando",
      "to_node": "fiber (Orlando \u2192 West_Palm_Beach)"
    },
    {
      "from_node": "Philadelphia",
      "to_node": "fiber (Philadelphia \u2192 Scranton)"
    },
    {
      "from_node": "Phoenix",
      "to_node": "fiber (Phoenix \u2192 San_Diego)"
    },
    {
      "from_node": "Phoenix",
      "to_node": "fiber (Phoenix \u2192 Tucson)"
    },
    {
      "from_node": "Pittsburgh",
      "to_node": "fiber (Pittsburgh \u2192 Scranton)"
    },
    {
      "from_node": "Portland",
      "to_node": "fiber (Portland \u2192 Sacramento)"
    },
    {
      "from_node": "Portland",
      "to_node": "fiber (Portland \u2192 Salt_Lake_City)"
    },
    {
      "from_node": "Portland",
      "to_node": "fiber (Portland \u2192 Seattle)"
    },
    {
      "from_node": "Portland",
      "to_node": "fiber (Portland \u2192 Tokyo)"
    },
    {
      "from_node": "Richmond",
      "to_node": "fiber (Richmond \u2192 Washington_DC)"
    },
    {
      "from_node": "Rochester",
      "to_node": "fiber (Rochester \u2192 Syracuse)"
    },
    {
      "from_node": "Rome",
      "to_node": "fiber (Rome \u2192 Vienna)"
    },
    {
      "from_node": "Rome",
      "to_node": "fiber (Rome \u2192 Zurich)"
    },
    {
      "from_node": "San_Francisco",
      "to_node": "fiber (San_Francisco \u2192 San_Jose)"
    },
    {
      "from_node": "San_Jose",
      "to_node": "fiber (San_Jose \u2192 Santa_Barbara)"
    },
    {
      "from_node": "Scranton",
      "to_node": "fiber (Scranton \u2192 Syracuse)"
    },
    {
      "from_node": "Seattle",
      "to_node": "fiber (Seattle \u2192 Spokane)"
    },
    {
      "from_node": "Seoul",
      "to_node": "fiber (Seoul \u2192 Tokyo)"
    },
    {
      "from_node": "Singapore",
      "to_node": "fiber (Singapore \u2192 Sydney)"
    },
    {
      "from_node": "Springfield",
      "to_node": "fiber (Springfield \u2192 St_Louis)"
    },
    {
      "from_node": "Taipei",
      "to_node": "fiber (Taipei \u2192 Tokyo)"
    },
    {
      "from_node": "Tallahassee",
      "to_node": "fiber (Tallahassee \u2192 Tampa)"
    },
    {
      "from_node": "Vienna",
      "to_node": "fiber (Vienna \u2192 Warsaw)"
    },
    {
      "from_node": "fiber (Abilene \u2192 Dallas)",
      "to_node": "Dallas"
    },
    {
      "from_node": "fiber (Abilene \u2192 El_Paso)",
      "to_node": "El_Paso"
    },
    {
      "from_node": "fiber (Albany \u2192 Boston)",
      "to_node": "Boston"
    },
    {
      "from_node": "fiber (Albany \u2192 Syracuse)",
      "to_node": "Syracuse"
    },
    {
      "from_node": "fiber (Albuquerque \u2192 Dallas)",
      "to_node": "Dallas"
    },
    {
      "from_node": "fiber (Albuquerque \u2192 Denver)",
      "to_node": "Denver"
    },
    {
      "from_node": "fiber (Albuquerque \u2192 El_Paso)",
      "to_node": "El_Paso"
    },
    {
      "from_node": "fiber (Albuquerque \u2192 Las_Vegas)",
      "to_node": "Las_Vegas"
    },
    {
      "from_node": "fiber (Amsterdam \u2192 Berlin)",
      "to_node": "Berlin"
    },
    {
      "from_node": "fiber (Amsterdam \u2192 Brussels)",
      "to_node": "Brussels"
    },
    {
      "from_node": "fiber (Amsterdam \u2192 Frankfurt)",
      "to_node": "Frankfurt"
    },
    {
      "from_node": "fiber (Amsterdam \u2192 New_York)",
      "to_node": "New_York"
    },
    {
      "from_node": "fiber (Atlanta \u2192 Birmingham)",
      "to_node": "Birmingham"
    },
    {
      "from_node": "fiber (Atlanta \u2192 Charlotte)",
      "to_node": "Charlotte"
    },
    {
      "from_node": "fiber (Atlanta \u2192 Jacksonville)",
      "to_node": "Jacksonville"
    },
    {
      "from_node": "fiber (Austin \u2192 Houston)",
      "to_node": "Houston"
    },
    {
      "from_node": "fiber (Austin \u2192 San_Antonio)",
      "to_node": "San_Antonio"
    },
    {
      "from_node": "fiber (Baltimore \u2192 Philadelphia)",
      "to_node": "Philadelphia"
    },
    {
      "from_node": "fiber (Baltimore \u2192 Pittsburgh)",
      "to_node": "Pittsburgh"
    },
    {
      "from_node": "fiber (Baltimore \u2192 Washington_DC)",
      "to_node": "Washington_DC"
    },
    {
      "from_node": "fiber (Bangkok \u2192 Delhi)",
      "to_node": "Delhi"
    },
    {
      "from_node": "fiber (Bangkok \u2192 Hong_Kong)",
      "to_node": "Hong_Kong"
    },
    {
      "from_node": "fiber (Baton_Rouge \u2192 Houston)",
      "to_node": "Houston"
    },
    {
      "from_node": "fiber (Baton_Rouge \u2192 New_Orleans)",
      "to_node": "New_Orleans"
    },
    {
      "from_node": "fiber (Beijing \u2192 Seoul)",
      "to_node": "Seoul"
    },
    {
      "from_node": "fiber (Beijing \u2192 Shanghai)",
      "to_node": "Shanghai"
    },
    {
      "from_node": "fiber (Berlin \u2192 Warsaw)",
      "to_node": "Warsaw"
    },
    {
      "from_node": "fiber (Billings \u2192 Bismarck)",
      "to_node": "Bismarck"
    },
    {
      "from_node": "fiber (Billings \u2192 Denver)",
      "to_node": "Denver"
    },
    {
      "from_node": "fiber (Billings \u2192 Spokane)",
      "to_node": "Spokane"
    },
    {
      "from_node": "fiber (Birmingham \u2192 Nashville)",
      "to_node": "Nashville"
    },
    {
      "from_node": "fiber (Birmingham \u2192 New_Orleans)",
      "to_node": "New_Orleans"
    },
    {
      "from_node": "fiber (Bismarck \u2192 Minneapolis)",
      "to_node": "Minneapolis"
    },
    {
      "from_node": "fiber (Boston \u2192 Providence)",
      "to_node": "Providence"
    },
    {
      "from_node": "fiber (Brussels \u2192 London)",
      "to_node": "London"
    },
    {
      "from_node": "fiber (Bucharest \u2192 Istanbul)",
      "to_node": "Istanbul"
    },
    {
      "from_node": "fiber (Bucharest \u2192 Warsaw)",
      "to_node": "Warsaw"
    },
    {
      "from_node": "fiber (Buffalo \u2192 Cleveland)",
      "to_node": "Cleveland"
    },
    {
      "from_node": "fiber (Buffalo \u2192 Rochester)",
      "to_node": "Rochester"
    },
    {
      "from_node": "fiber (Charleston \u2192 Jacksonville)",
      "to_node": "Jacksonville"
    },
    {
      "from_node": "fiber (Charleston \u2192 Raleigh)",
      "to_node": "Raleigh"
    },
    {
      "from_node": "fiber (Charlotte \u2192 Greensboro)",
      "to_node": "Greensboro"
    },
    {
      "from_node": "fiber (Chicago \u2192 Detroit)",
      "to_node": "Detroit"
    },
    {
      "from_node": "fiber (Chicago \u2192 Milwaukee)",
      "to_node": "Milwaukee"
    },
    {
      "from_node": "fiber (Chicago \u2192 Springfield)",
      "to_node": "Springfield"
    },
    {
      "from_node": "fiber (Cincinnati \u2192 Columbus)",
      "to_node": "Columbus"
    },
    {
      "from_node": "fiber (Cincinnati \u2192 Louisville)",
      "to_node": "Louisville"
    },
    {
      "from_node": "fiber (Cincinnati \u2192 Washington_DC)",
      "to_node": "Washington_DC"
    },
    {
      "from_node": "fiber (Cleveland \u2192 Columbus)",
      "to_node": "Columbus"
    },
    {
      "from_node": "fiber (Cleveland \u2192 Toledo)",
      "to_node": "Toledo"
    },
    {
      "from_node": "fiber (Columbus \u2192 Pittsburgh)",
      "to_node": "Pittsburgh"
    },
    {
      "from_node": "fiber (Dallas \u2192 Houston)",
      "to_node": "Houston"
    },
    {
      "from_node": "fiber (Dallas \u2192 Little_Rock)",
      "to_node": "Little_Rock"
    },
    {
      "from_node": "fiber (Dallas \u2192 Oklahoma_City)",
      "to_node": "Oklahoma_City"
    },
    {
      "from_node": "fiber (Delhi \u2192 Istanbul)",
      "to_node": "Istanbul"
    },
    {
      "from_node": "fiber (Delhi \u2192 Mumbai)",
      "to_node": "Mumbai"
    },
    {
      "from_node": "fiber (Denver \u2192 Omaha)",
      "to_node": "Omaha"
    },
    {
      "from_node": "fiber (Denver \u2192 Salt_Lake_City)",
      "to_node": "Salt_Lake_City"
    },
    {
      "from_node": "fiber (Detroit \u2192 Toledo)",
      "to_node": "Toledo"
    },
    {
      "from_node": "fiber (El_Paso \u2192 San_Antonio)",
      "to_node": "San_Antonio"
    },
    {
      "from_node": "fiber (El_Paso \u2192 Tucson)",
      "to_node": "Tucson"
    },
    {
      "from_node": "fiber (Frankfurt \u2192 Vienna)",
      "to_node": "Vienna"
    },
    {
      "from_node": "fiber (Fresno \u2192 Las_Vegas)",
      "to_node": "Las_Vegas"
    },
    {
      "from_node": "fiber (Fresno \u2192 Los_Angeles)",
      "to_node": "Los_Angeles"
    },
    {
      "from_node": "fiber (Fresno \u2192 Oakland)",
      "to_node": "Oakland"
    },
    {
      "from_node": "fiber (Greensboro \u2192 Louisville)",
      "to_node": "Louisville"
    },
    {
      "from_node": "fiber (Greensboro \u2192 Raleigh)",
      "to_node": "Raleigh"
    },
    {
      "from_node": "fiber (Greensboro \u2192 Richmond)",
      "to_node": "Richmond"
    },
    {
      "from_node": "fiber (Hartford \u2192 Long_Island)",
      "to_node": "Long_Island"
    },
    {
      "from_node": "fiber (Hartford \u2192 Providence)",
      "to_node": "Providence"
    },
    {
      "from_node": "fiber (Hong_Kong \u2192 Shanghai)",
      "to_node": "Shanghai"
    },
    {
      "from_node": "fiber (Hong_Kong \u2192 Sydney)",
      "to_node": "Sydney"
    },
    {
      "from_node": "fiber (Hong_Kong \u2192 Taipei)",
      "to_node": "Taipei"
    },
    {
      "from_node": "fiber (Honolulu \u2192 Los_Angeles)",
      "to_node": "Los_Angeles"
    },
    {
      "from_node": "fiber (Honolulu \u2192 Sydney)",
      "to_node": "Sydney"
    },
    {
      "from_node": "fiber (Honolulu \u2192 Taipei)",
      "to_node": "Taipei"
    },
    {
      "from_node": "fiber (Istanbul \u2192 Rome)",
      "to_node": "Rome"
    },
    {
      "from_node": "fiber (Jacksonville \u2192 Orlando)",
      "to_node": "Orlando"
    },
    {
      "from_node": "fiber (Kansas_City \u2192 Omaha)",
      "to_node": "Omaha"
    },
    {
      "from_node": "fiber (Kansas_City \u2192 St_Louis)",
      "to_node": "St_Louis"
    },
    {
      "from_node": "fiber (Kansas_City \u2192 Tulsa)",
      "to_node": "Tulsa"
    },
    {
      "from_node": "fiber (Las_Vegas \u2192 Phoenix)",
      "to_node": "Phoenix"
    },
    {
      "from_node": "fiber (Las_Vegas \u2192 Salt_Lake_City)",
      "to_node": "Salt_Lake_City"
    },
    {
      "from_node": "fiber (Little_Rock \u2192 Memphis)",
      "to_node": "Memphis"
    },
    {
      "from_node": "fiber (London \u2192 Paris)",
      "to_node": "Paris"
    },
    {
      "from_node": "fiber (London \u2192 Washington_DC)",
      "to_node": "Washington_DC"
    },
    {
      "from_node": "fiber (Long_Island \u2192 New_York)",
      "to_node": "New_York"
    },
    {
      "from_node": "fiber (Los_Angeles \u2192 San_Diego)",
      "to_node": "San_Diego"
    },
    {
      "from_node": "fiber (Los_Angeles \u2192 Santa_Barbara)",
      "to_node": "Santa_Barbara"
    },
    {
      "from_node": "fiber (Louisville \u2192 Nashville)",
      "to_node": "Nashville"
    },
    {
      "from_node": "fiber (Louisville \u2192 St_Louis)",
      "to_node": "St_Louis"
    },
    {
      "from_node": "fiber (Madrid \u2192 Paris)",
      "to_node": "Paris"
    },
    {
      "from_node": "fiber (Madrid \u2192 Zurich)",
      "to_node": "Zurich"
    },
    {
      "from_node": "fiber (Memphis \u2192 Nashville)",
      "to_node": "Nashville"
    },
    {
      "from_node": "fiber (Miami \u2192 Paris)",
      "to_node": "Paris"
    },
    {
      "from_node": "fiber (Miami \u2192 Tampa)",
      "to_node": "Tampa"
    },
    {
      "from_node": "fiber (Miami \u2192 West_Palm_Beach)",
      "to_node": "West_Palm_Beach"
    },
    {
      "from_node": "fiber (Milwaukee \u2192 Minneapolis)",
      "to_node": "Minneapolis"
    },
    {
      "from_node": "fiber (Minneapolis \u2192 Omaha)",
      "to_node": "Omaha"
    },
    {
      "from_node": "fiber (Mumbai \u2192 Rome)",
      "to_node": "Rome"
    },
    {
      "from_node": "fiber (Mumbai \u2192 Singapore)",
      "to_node": "Singapore"
    },
    {
      "from_node": "fiber (New_Orleans \u2192 Tallahassee)",
      "to_node": "Tallahassee"
    },
    {
      "from_node": "fiber (New_York \u2192 Newark)",
      "to_node": "Newark"
    },
    {
      "from_node": "fiber (New_York \u2192 Scranton)",
      "to_node": "Scranton"
    },
    {
      "from_node": "fiber (New_York \u2192 Wilmington)",
      "to_node": "Wilmington"
    },
    {
      "from_node": "fiber (Newark \u2192 Philadelphia)",
      "to_node": "Philadelphia"
    },
    {
      "from_node": "fiber (Norfolk \u2192 Raleigh)",
      "to_node": "Raleigh"
    },
    {
      "from_node": "fiber (Norfolk \u2192 Wilmington)",
      "to_node": "Wilmington"
    },
    {
      "from_node": "fiber (Oakland \u2192 Sacramento)",
      "to_node": "Sacramento"
    },
    {
      "from_node": "fiber (Oakland \u2192 Salt_Lake_City)",
      "to_node": "Salt_Lake_City"
    },
    {
      "from_node": "fiber (Oakland \u2192 San_Francisco)",
      "to_node": "San_Francisco"
    },
    {
      "from_node": "fiber (Oakland \u2192 Taipei)",
      "to_node": "Taipei"
    },
    {
      "from_node": "fiber (Oklahoma_City \u2192 Tulsa)",
      "to_node": "Tulsa"
    },
    {
      "from_node": "fiber (Orlando \u2192 West_Palm_Beach)",
      "to_node": "West_Palm_Beach"
    },
    {
      "from_node": "fiber (Philadelphia \u2192 Scranton)",
      "to_node": "Scranton"
    },
    {
      "from_node": "fiber (Phoenix \u2192 San_Diego)",
      "to_node": "San_Diego"
    },
    {
      "from_node": "fiber (Phoenix \u2192 Tucson)",
      "to_node": "Tucson"
    },
    {
      "from_node": "fiber (Pittsburgh \u2192 Scranton)",
      "to_node": "Scranton"
    },
    {
      "from_node": "fiber (Portland \u2192 Sacramento)",
      "to_node": "Sacramento"
    },
    {
      "from_node": "fiber (Portland \u2192 Salt_Lake_City)",
      "to_node": "Salt_Lake_City"
    },
    {
      "from_node": "fiber (Portland \u2192 Seattle)",
      "to_node": "Seattle"
    },
    {
      "from_node": "fiber (Portland \u2192 Tokyo)",
      "to_node": "Tokyo"
    },
    {
      "from_node": "fiber (Richmond \u2192 Washington_DC)",
      "to_node": "Washington_DC"
    },
    {
      "from_node": "fiber (Rochester \u2192 Syracuse)",
      "to_node": "Syracuse"
    },
    {
      "from_node": "fiber (Rome \u2192 Vienna)",
      "to_node": "Vienna"
    },
    {
      "from_node": "fiber (Rome \u2192 Zurich)",
      "to_node": "Zurich"
    },
    {
      "from_node": "fiber (San_Francisco \u2192 San_Jose)",
      "to_node": "San_Jose"
    },
    {
      "from_node": "fiber (San_Jose \u2192 Santa_Barbara)",
      "to_node": "Santa_Barbara"
    },
    {
      "from_node": "fiber (Scranton \u2192 Syracuse)",
      "to_node": "Syracuse"
    },
    {
      "from_node": "fiber (Seattle \u2192 Spokane)",
      "to_node": "Spokane"
    },
    {
      "from_node": "fiber (Seoul \u2192 Tokyo)",
      "to_node": "Tokyo"
    },
    {
      "from_node": "fiber (Singapore \u2192 Sydney)",
      "to_node": "Sydney"
    },
    {
      "from_node": "fiber (Springfield \u2192 St_Louis)",
      "to_node": "St_Louis"
    },
    {
      "from_node": "fiber (Taipei \u2192 Tokyo)",
      "to_node": "Tokyo"
    },
    {
      "from_node": "fiber (Tallahassee \u2192 Tampa)",
      "to_node": "Tampa"
    },
    {
      "from_node": "fiber (Vienna \u2192 Warsaw)",
      "to_node": "Warsaw"
    }
  ]
}
